id_estacion,timestamp,arribos_predichos
2,2024-09-09 12:00:00,0.6709416
2,2024-09-09 13:00:00,0.9270412
2,2024-09-09 14:00:00,1.0620983
2,2024-09-09 15:00:00,1.3028451
2,2024-09-09 16:00:00,2.7915828
2,2024-09-09 17:00:00,2.8617432
2,2024-09-09 18:00:00,2.3905926
3,2024-09-09 12:00:00,1.6911285
3,2024-09-09 13:00:00,1.5779182
3,2024-09-09 14:00:00,1.6364619
3,2024-09-09 15:00:00,1.4870204
3,2024-09-09 16:00:00,1.7073665
3,2024-09-09 17:00:00,2.669539
3,2024-09-09 18:00:00,2.2538698
4,2024-09-09 12:00:00,1.5487869
4,2024-09-09 13:00:00,1.9112659
4,2024-09-09 14:00:00,1.739637
4,2024-09-09 15:00:00,2.1471043
4,2024-09-09 16:00:00,3.3471065
4,2024-09-09 17:00:00,4.1173534
4,2024-09-09 18:00:00,3.308402
5,2024-09-09 12:00:00,1.8687682
5,2024-09-09 13:00:00,2.643913
5,2024-09-09 14:00:00,2.9346828
5,2024-09-09 15:00:00,3.2747922
5,2024-09-09 16:00:00,4.3249636
5,2024-09-09 17:00:00,4.6421776
5,2024-09-09 18:00:00,4.3790045
6,2024-09-09 12:00:00,1.0277653
6,2024-09-09 13:00:00,1.3130171
6,2024-09-09 14:00:00,1.5632597
6,2024-09-09 15:00:00,1.7503954
6,2024-09-09 16:00:00,1.8913957
6,2024-09-09 17:00:00,2.5820918
6,2024-09-09 18:00:00,2.8696325
7,2024-09-09 12:00:00,0.4191009
7,2024-09-09 13:00:00,0.71848255
7,2024-09-09 14:00:00,0.5587535
7,2024-09-09 15:00:00,0.6026056
7,2024-09-09 16:00:00,0.5804081
7,2024-09-09 17:00:00,0.892668
7,2024-09-09 18:00:00,0.7527139
8,2024-09-09 12:00:00,2.7024136
8,2024-09-09 13:00:00,3.2992964
8,2024-09-09 14:00:00,1.8721137
8,2024-09-09 15:00:00,3.4596612
8,2024-09-09 16:00:00,3.414067
8,2024-09-09 17:00:00,3.879307
8,2024-09-09 18:00:00,4.2228255
9,2024-09-09 12:00:00,2.0709162
9,2024-09-09 13:00:00,2.6361046
9,2024-09-09 14:00:00,2.406478
9,2024-09-09 15:00:00,2.6515377
9,2024-09-09 16:00:00,3.909553
9,2024-09-09 17:00:00,3.6621792
9,2024-09-09 18:00:00,4.3984547
12,2024-09-09 12:00:00,1.5230079
12,2024-09-09 13:00:00,1.319885
12,2024-09-09 14:00:00,1.6167289
12,2024-09-09 15:00:00,1.4923068
12,2024-09-09 16:00:00,1.5760695
12,2024-09-09 17:00:00,2.0731585
12,2024-09-09 18:00:00,2.2592137
13,2024-09-09 12:00:00,0.8304213
13,2024-09-09 13:00:00,2.34994
13,2024-09-09 14:00:00,1.2820138
13,2024-09-09 15:00:00,2.7124023
13,2024-09-09 16:00:00,1.4032748
13,2024-09-09 17:00:00,1.7635869
13,2024-09-09 18:00:00,1.7792604
14,2024-09-09 12:00:00,2.1941624
14,2024-09-09 13:00:00,3.5294225
14,2024-09-09 14:00:00,2.732347
14,2024-09-09 15:00:00,2.8306212
14,2024-09-09 16:00:00,3.9354823
14,2024-09-09 17:00:00,4.5569015
14,2024-09-09 18:00:00,5.7401514
17,2024-09-09 12:00:00,1.1861221
17,2024-09-09 13:00:00,1.2185462
17,2024-09-09 14:00:00,1.1871077
17,2024-09-09 15:00:00,1.6531564
17,2024-09-09 16:00:00,1.4505135
17,2024-09-09 17:00:00,2.32034
17,2024-09-09 18:00:00,2.9252894
21,2024-09-09 12:00:00,0.46172062
21,2024-09-09 13:00:00,0.5962451
21,2024-09-09 14:00:00,0.56635296
21,2024-09-09 15:00:00,0.79662424
21,2024-09-09 16:00:00,0.64282626
21,2024-09-09 17:00:00,1.1758606
21,2024-09-09 18:00:00,0.84933853
22,2024-09-09 12:00:00,0.84564805
22,2024-09-09 13:00:00,1.0569651
22,2024-09-09 14:00:00,0.75545025
22,2024-09-09 15:00:00,0.7448808
22,2024-09-09 16:00:00,0.791553
22,2024-09-09 17:00:00,0.9820308
22,2024-09-09 18:00:00,0.99629927
24,2024-09-09 12:00:00,0.4461848
24,2024-09-09 13:00:00,0.6129625
24,2024-09-09 14:00:00,0.491786
24,2024-09-09 15:00:00,0.47425318
24,2024-09-09 16:00:00,0.49515027
24,2024-09-09 17:00:00,0.4975186
24,2024-09-09 18:00:00,0.65666467
25,2024-09-09 12:00:00,1.2351867
25,2024-09-09 13:00:00,2.1159348
25,2024-09-09 14:00:00,1.4307437
25,2024-09-09 15:00:00,1.4267764
25,2024-09-09 16:00:00,2.320314
25,2024-09-09 17:00:00,3.056035
25,2024-09-09 18:00:00,3.2977934
26,2024-09-09 12:00:00,0.61873555
26,2024-09-09 13:00:00,1.6082959
26,2024-09-09 14:00:00,1.2662122
26,2024-09-09 15:00:00,1.0619684
26,2024-09-09 16:00:00,1.3522216
26,2024-09-09 17:00:00,1.770443
26,2024-09-09 18:00:00,1.0036128
27,2024-09-09 12:00:00,1.2203325
27,2024-09-09 13:00:00,1.4319668
27,2024-09-09 14:00:00,1.1514592
27,2024-09-09 15:00:00,1.214205
27,2024-09-09 16:00:00,1.5310335
27,2024-09-09 17:00:00,1.1000909
27,2024-09-09 18:00:00,1.8292844
29,2024-09-09 12:00:00,1.5834359
29,2024-09-09 13:00:00,1.8585793
29,2024-09-09 14:00:00,1.866252
29,2024-09-09 15:00:00,2.0409956
29,2024-09-09 16:00:00,1.5770483
29,2024-09-09 17:00:00,3.1760747
29,2024-09-09 18:00:00,4.0469055
32,2024-09-09 12:00:00,1.0732093
32,2024-09-09 13:00:00,0.76648945
32,2024-09-09 14:00:00,1.2233447
32,2024-09-09 15:00:00,0.98870265
32,2024-09-09 16:00:00,1.369249
32,2024-09-09 17:00:00,1.3950517
32,2024-09-09 18:00:00,1.0510886
33,2024-09-09 12:00:00,2.0158236
33,2024-09-09 13:00:00,1.9999558
33,2024-09-09 14:00:00,2.7292924
33,2024-09-09 15:00:00,1.6785517
33,2024-09-09 16:00:00,2.5288532
33,2024-09-09 17:00:00,2.161091
33,2024-09-09 18:00:00,2.0533075
35,2024-09-09 12:00:00,1.101314
35,2024-09-09 13:00:00,1.6338692
35,2024-09-09 14:00:00,0.8036613
35,2024-09-09 15:00:00,0.9731645
35,2024-09-09 16:00:00,1.3234849
35,2024-09-09 17:00:00,0.8811136
35,2024-09-09 18:00:00,1.711344
36,2024-09-09 12:00:00,1.0539237
36,2024-09-09 13:00:00,1.1073858
36,2024-09-09 14:00:00,0.8828538
36,2024-09-09 15:00:00,0.87459695
36,2024-09-09 16:00:00,1.0836817
36,2024-09-09 17:00:00,1.0983841
36,2024-09-09 18:00:00,1.1282808
38,2024-09-09 12:00:00,1.2556729
38,2024-09-09 13:00:00,1.1338407
38,2024-09-09 14:00:00,1.4651182
38,2024-09-09 15:00:00,1.6094066
38,2024-09-09 16:00:00,1.2852787
38,2024-09-09 17:00:00,1.0972077
38,2024-09-09 18:00:00,1.4317001
41,2024-09-09 12:00:00,0.69475025
41,2024-09-09 13:00:00,1.000686
41,2024-09-09 14:00:00,1.0373098
41,2024-09-09 15:00:00,0.8271424
41,2024-09-09 16:00:00,1.0565842
41,2024-09-09 17:00:00,1.2517763
41,2024-09-09 18:00:00,2.2758865
43,2024-09-09 12:00:00,0.4189838
43,2024-09-09 13:00:00,0.55958396
43,2024-09-09 14:00:00,0.52671045
43,2024-09-09 15:00:00,0.6205014
43,2024-09-09 16:00:00,0.82248795
43,2024-09-09 17:00:00,0.97739816
43,2024-09-09 18:00:00,0.9826912
44,2024-09-09 12:00:00,0.6578176
44,2024-09-09 13:00:00,0.7522264
44,2024-09-09 14:00:00,0.76015985
44,2024-09-09 15:00:00,0.84263
44,2024-09-09 16:00:00,1.0285156
44,2024-09-09 17:00:00,1.7923602
44,2024-09-09 18:00:00,1.238483
45,2024-09-09 12:00:00,1.1064788
45,2024-09-09 13:00:00,1.0609883
45,2024-09-09 14:00:00,1.0187789
45,2024-09-09 15:00:00,0.6463217
45,2024-09-09 16:00:00,0.8225179
45,2024-09-09 17:00:00,0.9497024
45,2024-09-09 18:00:00,0.6625965
46,2024-09-09 12:00:00,0.586933
46,2024-09-09 13:00:00,0.74182147
46,2024-09-09 14:00:00,0.7189581
46,2024-09-09 15:00:00,0.76216745
46,2024-09-09 16:00:00,1.211435
46,2024-09-09 17:00:00,1.263159
46,2024-09-09 18:00:00,1.2980481
48,2024-09-09 12:00:00,0.54232824
48,2024-09-09 13:00:00,0.73712844
48,2024-09-09 14:00:00,0.6528516
48,2024-09-09 15:00:00,0.53490895
48,2024-09-09 16:00:00,0.8312832
48,2024-09-09 17:00:00,1.1834817
48,2024-09-09 18:00:00,1.0957805
49,2024-09-09 12:00:00,0.3949309
49,2024-09-09 13:00:00,0.6004303
49,2024-09-09 14:00:00,0.5905706
49,2024-09-09 15:00:00,0.7122044
49,2024-09-09 16:00:00,0.8025216
49,2024-09-09 17:00:00,1.0986314
49,2024-09-09 18:00:00,0.9943876
50,2024-09-09 12:00:00,0.7870716
50,2024-09-09 13:00:00,0.88311595
50,2024-09-09 14:00:00,0.81444615
50,2024-09-09 15:00:00,0.8909009
50,2024-09-09 16:00:00,1.8017471
50,2024-09-09 17:00:00,1.4736066
50,2024-09-09 18:00:00,2.1771154
54,2024-09-09 12:00:00,2.1012778
54,2024-09-09 13:00:00,2.6549685
54,2024-09-09 14:00:00,2.2440968
54,2024-09-09 15:00:00,2.4777563
54,2024-09-09 16:00:00,2.2617278
54,2024-09-09 17:00:00,3.419871
54,2024-09-09 18:00:00,4.1567273
56,2024-09-09 12:00:00,0.8152199
56,2024-09-09 13:00:00,0.919849
56,2024-09-09 14:00:00,0.9471869
56,2024-09-09 15:00:00,1.010383
56,2024-09-09 16:00:00,1.2220542
56,2024-09-09 17:00:00,1.3398544
56,2024-09-09 18:00:00,1.9505471
57,2024-09-09 12:00:00,0.6019163
57,2024-09-09 13:00:00,0.97125095
57,2024-09-09 14:00:00,0.6593719
57,2024-09-09 15:00:00,0.47845027
57,2024-09-09 16:00:00,0.38317102
57,2024-09-09 17:00:00,0.7074846
57,2024-09-09 18:00:00,0.40986046
58,2024-09-09 12:00:00,0.34699687
58,2024-09-09 13:00:00,0.56777817
58,2024-09-09 14:00:00,0.34988412
58,2024-09-09 15:00:00,0.38905853
58,2024-09-09 16:00:00,0.6709311
58,2024-09-09 17:00:00,0.8277064
58,2024-09-09 18:00:00,0.96367496
59,2024-09-09 12:00:00,0.5075757
59,2024-09-09 13:00:00,0.77591705
59,2024-09-09 14:00:00,0.8343471
59,2024-09-09 15:00:00,0.8468151
59,2024-09-09 16:00:00,1.1600958
59,2024-09-09 17:00:00,1.6748291
59,2024-09-09 18:00:00,1.5382156
60,2024-09-09 12:00:00,0.89146644
60,2024-09-09 13:00:00,0.9007393
60,2024-09-09 14:00:00,0.787396
60,2024-09-09 15:00:00,0.38497475
60,2024-09-09 16:00:00,0.5119918
60,2024-09-09 17:00:00,0.66475135
60,2024-09-09 18:00:00,0.4421348
61,2024-09-09 12:00:00,0.22850834
61,2024-09-09 13:00:00,0.30351526
61,2024-09-09 14:00:00,0.2594066
61,2024-09-09 15:00:00,0.29379925
61,2024-09-09 16:00:00,0.4100575
61,2024-09-09 17:00:00,0.5953854
61,2024-09-09 18:00:00,0.6767428
63,2024-09-09 12:00:00,0.90741414
63,2024-09-09 13:00:00,0.8942314
63,2024-09-09 14:00:00,0.7918214
63,2024-09-09 15:00:00,0.52574843
63,2024-09-09 16:00:00,0.6095284
63,2024-09-09 17:00:00,0.9900335
63,2024-09-09 18:00:00,0.53663254
64,2024-09-09 12:00:00,1.1112828
64,2024-09-09 13:00:00,1.6112788
64,2024-09-09 14:00:00,1.3514822
64,2024-09-09 15:00:00,1.4469651
64,2024-09-09 16:00:00,1.341157
64,2024-09-09 17:00:00,2.454111
64,2024-09-09 18:00:00,2.1548235
65,2024-09-09 12:00:00,1.0125874
65,2024-09-09 13:00:00,1.3391458
65,2024-09-09 14:00:00,1.3114597
65,2024-09-09 15:00:00,1.3950726
65,2024-09-09 16:00:00,2.105348
65,2024-09-09 17:00:00,2.3408637
65,2024-09-09 18:00:00,2.1878662
66,2024-09-09 12:00:00,1.4237872
66,2024-09-09 13:00:00,2.0756614
66,2024-09-09 14:00:00,2.0455642
66,2024-09-09 15:00:00,1.9926674
66,2024-09-09 16:00:00,2.4941905
66,2024-09-09 17:00:00,2.9554574
66,2024-09-09 18:00:00,2.5200865
68,2024-09-09 12:00:00,0.32386726
68,2024-09-09 13:00:00,0.4079479
68,2024-09-09 14:00:00,0.36537477
68,2024-09-09 15:00:00,0.42619157
68,2024-09-09 16:00:00,0.69792
68,2024-09-09 17:00:00,0.7444798
68,2024-09-09 18:00:00,1.0589504
69,2024-09-09 12:00:00,2.1281219
69,2024-09-09 13:00:00,1.4578756
69,2024-09-09 14:00:00,2.0559483
69,2024-09-09 15:00:00,1.7744206
69,2024-09-09 16:00:00,2.2335865
69,2024-09-09 17:00:00,1.7615107
69,2024-09-09 18:00:00,3.034852
70,2024-09-09 12:00:00,0.89603376
70,2024-09-09 13:00:00,1.3004088
70,2024-09-09 14:00:00,1.148033
70,2024-09-09 15:00:00,1.3518076
70,2024-09-09 16:00:00,1.3991691
70,2024-09-09 17:00:00,1.9547904
70,2024-09-09 18:00:00,2.0522597
71,2024-09-09 12:00:00,1.1869981
71,2024-09-09 13:00:00,1.2326126
71,2024-09-09 14:00:00,1.3397071
71,2024-09-09 15:00:00,1.2999753
71,2024-09-09 16:00:00,1.3377874
71,2024-09-09 17:00:00,1.2317698
71,2024-09-09 18:00:00,1.0917264
73,2024-09-09 12:00:00,0.768271
73,2024-09-09 13:00:00,0.9258379
73,2024-09-09 14:00:00,0.96905446
73,2024-09-09 15:00:00,1.0369911
73,2024-09-09 16:00:00,1.4633007
73,2024-09-09 17:00:00,1.8818506
73,2024-09-09 18:00:00,1.3340195
74,2024-09-09 12:00:00,0.9292941
74,2024-09-09 13:00:00,1.3292658
74,2024-09-09 14:00:00,1.0110426
74,2024-09-09 15:00:00,1.1952755
74,2024-09-09 16:00:00,1.8303338
74,2024-09-09 17:00:00,2.0628736
74,2024-09-09 18:00:00,1.6108876
75,2024-09-09 12:00:00,1.3062075
75,2024-09-09 13:00:00,1.206531
75,2024-09-09 14:00:00,1.3739736
75,2024-09-09 15:00:00,1.8004807
75,2024-09-09 16:00:00,1.3486768
75,2024-09-09 17:00:00,2.2909868
75,2024-09-09 18:00:00,1.552058
76,2024-09-09 12:00:00,0.95752615
76,2024-09-09 13:00:00,1.2437319
76,2024-09-09 14:00:00,0.8982244
76,2024-09-09 15:00:00,1.1412188
76,2024-09-09 16:00:00,1.4198318
76,2024-09-09 17:00:00,1.051473
76,2024-09-09 18:00:00,1.6700886
77,2024-09-09 12:00:00,0.2773636
77,2024-09-09 13:00:00,0.37374517
77,2024-09-09 14:00:00,0.35145417
77,2024-09-09 15:00:00,0.4146722
77,2024-09-09 16:00:00,0.5542885
77,2024-09-09 17:00:00,0.65401894
77,2024-09-09 18:00:00,0.8594031
79,2024-09-09 12:00:00,1.5624002
79,2024-09-09 13:00:00,1.4191117
79,2024-09-09 14:00:00,1.1591921
79,2024-09-09 15:00:00,1.8084793
79,2024-09-09 16:00:00,1.8502486
79,2024-09-09 17:00:00,2.3085606
79,2024-09-09 18:00:00,2.3543477
80,2024-09-09 12:00:00,0.5706463
80,2024-09-09 13:00:00,0.77640975
80,2024-09-09 14:00:00,0.69570965
80,2024-09-09 15:00:00,0.8437776
80,2024-09-09 16:00:00,1.0978321
80,2024-09-09 17:00:00,1.3515943
80,2024-09-09 18:00:00,1.6957564
82,2024-09-09 12:00:00,1.2743305
82,2024-09-09 13:00:00,1.7392491
82,2024-09-09 14:00:00,1.5643563
82,2024-09-09 15:00:00,1.1981055
82,2024-09-09 16:00:00,1.5429755
82,2024-09-09 17:00:00,1.9111083
82,2024-09-09 18:00:00,1.4540877
83,2024-09-09 12:00:00,1.7144014
83,2024-09-09 13:00:00,1.9983801
83,2024-09-09 14:00:00,1.8707998
83,2024-09-09 15:00:00,1.4319198
83,2024-09-09 16:00:00,1.8770219
83,2024-09-09 17:00:00,1.9692596
83,2024-09-09 18:00:00,1.6644346
85,2024-09-09 12:00:00,1.2912376
85,2024-09-09 13:00:00,1.7770827
85,2024-09-09 14:00:00,1.7176945
85,2024-09-09 15:00:00,2.0063314
85,2024-09-09 16:00:00,2.160347
85,2024-09-09 17:00:00,1.5424944
85,2024-09-09 18:00:00,2.848785
86,2024-09-09 12:00:00,0.6268255
86,2024-09-09 13:00:00,0.87410545
86,2024-09-09 14:00:00,0.7806286
86,2024-09-09 15:00:00,0.8194277
86,2024-09-09 16:00:00,1.1679304
86,2024-09-09 17:00:00,1.4267217
86,2024-09-09 18:00:00,1.5839385
87,2024-09-09 12:00:00,0.5216108
87,2024-09-09 13:00:00,0.7363714
87,2024-09-09 14:00:00,0.62962073
87,2024-09-09 15:00:00,0.7040086
87,2024-09-09 16:00:00,0.9507901
87,2024-09-09 17:00:00,1.1192076
87,2024-09-09 18:00:00,1.1809924
89,2024-09-09 12:00:00,1.0988364
89,2024-09-09 13:00:00,0.990371
89,2024-09-09 14:00:00,1.2553335
89,2024-09-09 15:00:00,1.2153188
89,2024-09-09 16:00:00,2.005166
89,2024-09-09 17:00:00,2.0475862
89,2024-09-09 18:00:00,1.9204836
91,2024-09-09 12:00:00,0.7738287
91,2024-09-09 13:00:00,0.96071774
91,2024-09-09 14:00:00,0.91615903
91,2024-09-09 15:00:00,0.9667391
91,2024-09-09 16:00:00,1.1828737
91,2024-09-09 17:00:00,1.3434871
91,2024-09-09 18:00:00,1.8046578
92,2024-09-09 12:00:00,0.40368396
92,2024-09-09 13:00:00,0.5891366
92,2024-09-09 14:00:00,0.50881696
92,2024-09-09 15:00:00,0.5544114
92,2024-09-09 16:00:00,0.6604864
92,2024-09-09 17:00:00,0.9668736
92,2024-09-09 18:00:00,0.74550605
93,2024-09-09 12:00:00,0.67965484
93,2024-09-09 13:00:00,1.0363437
93,2024-09-09 14:00:00,1.0791322
93,2024-09-09 15:00:00,1.0096672
93,2024-09-09 16:00:00,0.9627899
93,2024-09-09 17:00:00,1.8877648
93,2024-09-09 18:00:00,1.771502
94,2024-09-09 12:00:00,0.52401656
94,2024-09-09 13:00:00,0.6359369
94,2024-09-09 14:00:00,0.59449613
94,2024-09-09 15:00:00,0.6882887
94,2024-09-09 16:00:00,0.86419624
94,2024-09-09 17:00:00,1.0478617
94,2024-09-09 18:00:00,1.3414695
96,2024-09-09 12:00:00,2.188142
96,2024-09-09 13:00:00,2.3353617
96,2024-09-09 14:00:00,2.6435907
96,2024-09-09 15:00:00,2.792187
96,2024-09-09 16:00:00,2.22893
96,2024-09-09 17:00:00,3.3333821
96,2024-09-09 18:00:00,3.988095
98,2024-09-09 12:00:00,0.6198996
98,2024-09-09 13:00:00,0.6850929
98,2024-09-09 14:00:00,0.6392246
98,2024-09-09 15:00:00,0.5838481
98,2024-09-09 16:00:00,0.5526547
98,2024-09-09 17:00:00,0.8163783
98,2024-09-09 18:00:00,0.83817434
99,2024-09-09 12:00:00,0.92334044
99,2024-09-09 13:00:00,1.2033703
99,2024-09-09 14:00:00,0.982006
99,2024-09-09 15:00:00,1.1632781
99,2024-09-09 16:00:00,1.2102795
99,2024-09-09 17:00:00,1.8853058
99,2024-09-09 18:00:00,2.1996174
101,2024-09-09 12:00:00,0.6159931
101,2024-09-09 13:00:00,0.8878341
101,2024-09-09 14:00:00,0.6051752
101,2024-09-09 15:00:00,0.5878684
101,2024-09-09 16:00:00,0.919795
101,2024-09-09 17:00:00,1.0659662
101,2024-09-09 18:00:00,1.1817297
102,2024-09-09 12:00:00,0.4005792
102,2024-09-09 13:00:00,0.60496634
102,2024-09-09 14:00:00,0.5539065
102,2024-09-09 15:00:00,0.53594255
102,2024-09-09 16:00:00,0.7151665
102,2024-09-09 17:00:00,1.119151
102,2024-09-09 18:00:00,0.8898533
104,2024-09-09 12:00:00,0.5531896
104,2024-09-09 13:00:00,0.74461645
104,2024-09-09 14:00:00,0.7681699
104,2024-09-09 15:00:00,0.82620436
104,2024-09-09 16:00:00,1.7224377
104,2024-09-09 17:00:00,1.6270039
104,2024-09-09 18:00:00,2.2083793
107,2024-09-09 12:00:00,0.40749988
107,2024-09-09 13:00:00,0.5597704
107,2024-09-09 14:00:00,0.49303555
107,2024-09-09 15:00:00,0.542227
107,2024-09-09 16:00:00,0.95128244
107,2024-09-09 17:00:00,0.8071023
107,2024-09-09 18:00:00,1.081643
111,2024-09-09 12:00:00,1.5888085
111,2024-09-09 13:00:00,1.9624298
111,2024-09-09 14:00:00,1.2494286
111,2024-09-09 15:00:00,1.6795187
111,2024-09-09 16:00:00,1.8763427
111,2024-09-09 17:00:00,1.3250226
111,2024-09-09 18:00:00,1.6046592
112,2024-09-09 12:00:00,0.6022295
112,2024-09-09 13:00:00,0.82807964
112,2024-09-09 14:00:00,0.81592596
112,2024-09-09 15:00:00,0.79921126
112,2024-09-09 16:00:00,0.84693456
112,2024-09-09 17:00:00,0.92276937
112,2024-09-09 18:00:00,0.9739875
114,2024-09-09 12:00:00,0.5561017
114,2024-09-09 13:00:00,0.72547436
114,2024-09-09 14:00:00,0.70518696
114,2024-09-09 15:00:00,0.7339181
114,2024-09-09 16:00:00,1.0194381
114,2024-09-09 17:00:00,0.77642757
114,2024-09-09 18:00:00,1.2348955
116,2024-09-09 12:00:00,1.0068798
116,2024-09-09 13:00:00,1.6164731
116,2024-09-09 14:00:00,1.2221067
116,2024-09-09 15:00:00,1.8115526
116,2024-09-09 16:00:00,2.006723
116,2024-09-09 17:00:00,2.0834312
116,2024-09-09 18:00:00,2.097341
117,2024-09-09 12:00:00,0.90281445
117,2024-09-09 13:00:00,1.4990484
117,2024-09-09 14:00:00,1.3329084
117,2024-09-09 15:00:00,1.1814741
117,2024-09-09 16:00:00,1.5800076
117,2024-09-09 17:00:00,1.8419151
117,2024-09-09 18:00:00,2.3301427
118,2024-09-09 12:00:00,0.6281449
118,2024-09-09 13:00:00,0.8479607
118,2024-09-09 14:00:00,0.72511667
118,2024-09-09 15:00:00,0.81674075
118,2024-09-09 16:00:00,0.8225855
118,2024-09-09 17:00:00,1.0139333
118,2024-09-09 18:00:00,1.1126202
120,2024-09-09 12:00:00,0.7253472
120,2024-09-09 13:00:00,0.8516012
120,2024-09-09 14:00:00,0.69037914
120,2024-09-09 15:00:00,0.6989682
120,2024-09-09 16:00:00,1.1828568
120,2024-09-09 17:00:00,1.4060014
120,2024-09-09 18:00:00,1.692953
121,2024-09-09 12:00:00,1.3445303
121,2024-09-09 13:00:00,1.8237119
121,2024-09-09 14:00:00,1.9007411
121,2024-09-09 15:00:00,1.9011135
121,2024-09-09 16:00:00,2.7600687
121,2024-09-09 17:00:00,2.7913342
121,2024-09-09 18:00:00,2.4344459
122,2024-09-09 12:00:00,0.6440864
122,2024-09-09 13:00:00,0.9661672
122,2024-09-09 14:00:00,0.91320956
122,2024-09-09 15:00:00,0.7217466
122,2024-09-09 16:00:00,1.3256642
122,2024-09-09 17:00:00,1.0484786
122,2024-09-09 18:00:00,1.0957317
124,2024-09-09 12:00:00,0.7945069
124,2024-09-09 13:00:00,1.2159779
124,2024-09-09 14:00:00,1.1696184
124,2024-09-09 15:00:00,0.9568352
124,2024-09-09 16:00:00,1.6817507
124,2024-09-09 17:00:00,1.8321774
124,2024-09-09 18:00:00,2.189739
126,2024-09-09 12:00:00,0.545257
126,2024-09-09 13:00:00,0.57932675
126,2024-09-09 14:00:00,0.62733424
126,2024-09-09 15:00:00,0.6623074
126,2024-09-09 16:00:00,0.94245535
126,2024-09-09 17:00:00,1.1183451
126,2024-09-09 18:00:00,1.0422795
128,2024-09-09 12:00:00,1.6790036
128,2024-09-09 13:00:00,1.8033776
128,2024-09-09 14:00:00,2.1918502
128,2024-09-09 15:00:00,1.4704778
128,2024-09-09 16:00:00,2.9703863
128,2024-09-09 17:00:00,3.1842422
128,2024-09-09 18:00:00,2.459202
130,2024-09-09 12:00:00,2.3178432
130,2024-09-09 13:00:00,3.2933714
130,2024-09-09 14:00:00,3.9363446
130,2024-09-09 15:00:00,5.3964252
130,2024-09-09 16:00:00,7.0337853
130,2024-09-09 17:00:00,6.3399925
130,2024-09-09 18:00:00,3.8913088
131,2024-09-09 12:00:00,2.703476
131,2024-09-09 13:00:00,2.791816
131,2024-09-09 14:00:00,2.6944761
131,2024-09-09 15:00:00,3.08856
131,2024-09-09 16:00:00,2.6820512
131,2024-09-09 17:00:00,3.8512554
131,2024-09-09 18:00:00,4.269819
132,2024-09-09 12:00:00,1.1284124
132,2024-09-09 13:00:00,1.2443953
132,2024-09-09 14:00:00,1.2047625
132,2024-09-09 15:00:00,1.1129197
132,2024-09-09 16:00:00,0.8622207
132,2024-09-09 17:00:00,1.2579087
132,2024-09-09 18:00:00,0.79569054
134,2024-09-09 12:00:00,4.129936
134,2024-09-09 13:00:00,0.18936159
134,2024-09-09 14:00:00,0.16218084
134,2024-09-09 15:00:00,0.49126303
134,2024-09-09 16:00:00,0.29210302
134,2024-09-09 17:00:00,0.39714342
134,2024-09-09 18:00:00,0.43316528
135,2024-09-09 12:00:00,0.93196535
135,2024-09-09 13:00:00,2.055387
135,2024-09-09 14:00:00,1.9376999
135,2024-09-09 15:00:00,1.0085562
135,2024-09-09 16:00:00,1.4229326
135,2024-09-09 17:00:00,1.5058479
135,2024-09-09 18:00:00,1.5775279
137,2024-09-09 12:00:00,1.2708932
137,2024-09-09 13:00:00,1.6765772
137,2024-09-09 14:00:00,1.1843365
137,2024-09-09 15:00:00,1.3526375
137,2024-09-09 16:00:00,1.1067973
137,2024-09-09 17:00:00,1.2516841
137,2024-09-09 18:00:00,1.1964954
138,2024-09-09 12:00:00,0.29926762
138,2024-09-09 13:00:00,0.38539314
138,2024-09-09 14:00:00,0.32521048
138,2024-09-09 15:00:00,0.31819874
138,2024-09-09 16:00:00,0.5518549
138,2024-09-09 17:00:00,0.8507472
138,2024-09-09 18:00:00,0.4162388
144,2024-09-09 12:00:00,1.9376923
144,2024-09-09 13:00:00,1.7408743
144,2024-09-09 14:00:00,2.2467794
144,2024-09-09 15:00:00,2.2120373
144,2024-09-09 16:00:00,2.0364
144,2024-09-09 17:00:00,2.8260274
144,2024-09-09 18:00:00,2.9260504
146,2024-09-09 12:00:00,1.1132413
146,2024-09-09 13:00:00,1.0556732
146,2024-09-09 14:00:00,1.2545763
146,2024-09-09 15:00:00,1.1328496
146,2024-09-09 16:00:00,1.7298399
146,2024-09-09 17:00:00,1.5659919
146,2024-09-09 18:00:00,1.5899302
148,2024-09-09 12:00:00,0.19686456
148,2024-09-09 13:00:00,0.2235492
148,2024-09-09 14:00:00,0.24046256
148,2024-09-09 15:00:00,0.4866648
148,2024-09-09 16:00:00,0.6580267
148,2024-09-09 17:00:00,0.8982024
148,2024-09-09 18:00:00,0.80641294
149,2024-09-09 12:00:00,0.5061136
149,2024-09-09 13:00:00,0.62282467
149,2024-09-09 14:00:00,0.59019226
149,2024-09-09 15:00:00,0.6148695
149,2024-09-09 16:00:00,0.71383154
149,2024-09-09 17:00:00,0.98898786
149,2024-09-09 18:00:00,1.2750622
150,2024-09-09 12:00:00,1.2503526
150,2024-09-09 13:00:00,1.915241
150,2024-09-09 14:00:00,1.724233
150,2024-09-09 15:00:00,1.6665341
150,2024-09-09 16:00:00,3.3659737
150,2024-09-09 17:00:00,2.821282
150,2024-09-09 18:00:00,3.6989563
152,2024-09-09 12:00:00,1.9784188
152,2024-09-09 13:00:00,1.3341017
152,2024-09-09 14:00:00,1.344309
152,2024-09-09 15:00:00,1.5776982
152,2024-09-09 16:00:00,2.1534138
152,2024-09-09 17:00:00,2.7240906
152,2024-09-09 18:00:00,3.0513897
153,2024-09-09 12:00:00,0.56006676
153,2024-09-09 13:00:00,0.7460771
153,2024-09-09 14:00:00,0.7700821
153,2024-09-09 15:00:00,0.95125985
153,2024-09-09 16:00:00,1.070494
153,2024-09-09 17:00:00,1.726553
153,2024-09-09 18:00:00,1.3369149
155,2024-09-09 12:00:00,0.2696861
155,2024-09-09 13:00:00,0.70849615
155,2024-09-09 14:00:00,0.35010326
155,2024-09-09 15:00:00,0.37618136
155,2024-09-09 16:00:00,0.5146402
155,2024-09-09 17:00:00,0.6707467
155,2024-09-09 18:00:00,0.6765663
156,2024-09-09 12:00:00,1.2172831
156,2024-09-09 13:00:00,1.6234912
156,2024-09-09 14:00:00,1.8535951
156,2024-09-09 15:00:00,2.1990314
156,2024-09-09 16:00:00,1.8007648
156,2024-09-09 17:00:00,2.3381057
156,2024-09-09 18:00:00,3.8295355
158,2024-09-09 12:00:00,0.5033749
158,2024-09-09 13:00:00,0.844436
158,2024-09-09 14:00:00,0.8366072
158,2024-09-09 15:00:00,0.99085295
158,2024-09-09 16:00:00,1.0949246
158,2024-09-09 17:00:00,1.6575104
158,2024-09-09 18:00:00,1.803639
161,2024-09-09 12:00:00,1.5274158
161,2024-09-09 13:00:00,1.9186891
161,2024-09-09 14:00:00,1.896248
161,2024-09-09 15:00:00,2.0177052
161,2024-09-09 16:00:00,2.408492
161,2024-09-09 17:00:00,3.3751743
161,2024-09-09 18:00:00,3.0818245
162,2024-09-09 12:00:00,0.9812321
162,2024-09-09 13:00:00,1.2873528
162,2024-09-09 14:00:00,1.0630265
162,2024-09-09 15:00:00,1.2438436
162,2024-09-09 16:00:00,1.5703785
162,2024-09-09 17:00:00,1.5883453
162,2024-09-09 18:00:00,1.2067711
163,2024-09-09 12:00:00,1.1841999
163,2024-09-09 13:00:00,1.1522466
163,2024-09-09 14:00:00,1.5735339
163,2024-09-09 15:00:00,1.9498132
163,2024-09-09 16:00:00,2.125381
163,2024-09-09 17:00:00,2.848085
163,2024-09-09 18:00:00,2.302505
164,2024-09-09 12:00:00,1.3570198
164,2024-09-09 13:00:00,1.17122
164,2024-09-09 14:00:00,1.2238305
164,2024-09-09 15:00:00,1.3753798
164,2024-09-09 16:00:00,1.3342584
164,2024-09-09 17:00:00,1.4656087
164,2024-09-09 18:00:00,1.7021941
165,2024-09-09 12:00:00,1.284978
165,2024-09-09 13:00:00,1.2178766
165,2024-09-09 14:00:00,1.7778798
165,2024-09-09 15:00:00,1.4279627
165,2024-09-09 16:00:00,1.4022894
165,2024-09-09 17:00:00,1.5635612
165,2024-09-09 18:00:00,1.6013488
166,2024-09-09 12:00:00,1.0845983
166,2024-09-09 13:00:00,1.5049136
166,2024-09-09 14:00:00,1.9266824
166,2024-09-09 15:00:00,1.5731666
166,2024-09-09 16:00:00,2.0541005
166,2024-09-09 17:00:00,2.2017972
166,2024-09-09 18:00:00,1.5382448
167,2024-09-09 12:00:00,0.49887696
167,2024-09-09 13:00:00,1.8807845
167,2024-09-09 14:00:00,0.71676415
167,2024-09-09 15:00:00,0.8111996
167,2024-09-09 16:00:00,1.201432
167,2024-09-09 17:00:00,1.4089987
167,2024-09-09 18:00:00,1.6084261
168,2024-09-09 12:00:00,0.66402876
168,2024-09-09 13:00:00,0.91092306
168,2024-09-09 14:00:00,0.8742956
168,2024-09-09 15:00:00,1.0709383
168,2024-09-09 16:00:00,1.6153789
168,2024-09-09 17:00:00,1.4951532
168,2024-09-09 18:00:00,1.9697745
169,2024-09-09 12:00:00,0.7124584
169,2024-09-09 13:00:00,1.1471368
169,2024-09-09 14:00:00,0.94880986
169,2024-09-09 15:00:00,0.98500824
169,2024-09-09 16:00:00,1.221217
169,2024-09-09 17:00:00,1.4971715
169,2024-09-09 18:00:00,1.696438
171,2024-09-09 12:00:00,1.1371846
171,2024-09-09 13:00:00,1.6704341
171,2024-09-09 14:00:00,1.7965682
171,2024-09-09 15:00:00,2.15583
171,2024-09-09 16:00:00,1.8410733
171,2024-09-09 17:00:00,1.7492774
171,2024-09-09 18:00:00,1.858122
172,2024-09-09 12:00:00,0.81170356
172,2024-09-09 13:00:00,1.0011499
172,2024-09-09 14:00:00,1.1553645
172,2024-09-09 15:00:00,1.223268
172,2024-09-09 16:00:00,1.6533012
172,2024-09-09 17:00:00,1.7408367
172,2024-09-09 18:00:00,2.2774415
174,2024-09-09 12:00:00,1.5420063
174,2024-09-09 13:00:00,1.9857503
174,2024-09-09 14:00:00,1.802037
174,2024-09-09 15:00:00,2.0570526
174,2024-09-09 16:00:00,2.4176912
174,2024-09-09 17:00:00,1.6196862
174,2024-09-09 18:00:00,2.4816387
175,2024-09-09 12:00:00,1.869885
175,2024-09-09 13:00:00,3.2908676
175,2024-09-09 14:00:00,8.280965
175,2024-09-09 15:00:00,4.6057754
175,2024-09-09 16:00:00,6.8543386
175,2024-09-09 17:00:00,5.1696286
175,2024-09-09 18:00:00,4.5727015
176,2024-09-09 12:00:00,0.32660985
176,2024-09-09 13:00:00,0.2884353
176,2024-09-09 14:00:00,0.3358147
176,2024-09-09 15:00:00,0.39333057
176,2024-09-09 16:00:00,0.5321765
176,2024-09-09 17:00:00,0.6479561
176,2024-09-09 18:00:00,0.9947285
177,2024-09-09 12:00:00,0.5546144
177,2024-09-09 13:00:00,0.6581136
177,2024-09-09 14:00:00,0.73384607
177,2024-09-09 15:00:00,1.0744511
177,2024-09-09 16:00:00,0.75809795
177,2024-09-09 17:00:00,0.95153207
177,2024-09-09 18:00:00,0.9381716
179,2024-09-09 12:00:00,0.44195437
179,2024-09-09 13:00:00,0.6244785
179,2024-09-09 14:00:00,0.5915701
179,2024-09-09 15:00:00,0.52398133
179,2024-09-09 16:00:00,0.78381205
179,2024-09-09 17:00:00,0.93521893
179,2024-09-09 18:00:00,0.96620506
181,2024-09-09 12:00:00,0.7521781
181,2024-09-09 13:00:00,0.8691418
181,2024-09-09 14:00:00,0.84918433
181,2024-09-09 15:00:00,1.0756904
181,2024-09-09 16:00:00,1.4339131
181,2024-09-09 17:00:00,1.5870357
181,2024-09-09 18:00:00,1.8934994
182,2024-09-09 12:00:00,0.7529015
182,2024-09-09 13:00:00,1.0970725
182,2024-09-09 14:00:00,0.9260264
182,2024-09-09 15:00:00,0.9769583
182,2024-09-09 16:00:00,1.3336419
182,2024-09-09 17:00:00,1.5253761
182,2024-09-09 18:00:00,1.7938286
183,2024-09-09 12:00:00,1.3457595
183,2024-09-09 13:00:00,1.907629
183,2024-09-09 14:00:00,1.5802346
183,2024-09-09 15:00:00,1.6467414
183,2024-09-09 16:00:00,2.1832056
183,2024-09-09 17:00:00,2.3656435
183,2024-09-09 18:00:00,2.7936225
184,2024-09-09 12:00:00,0.45043722
184,2024-09-09 13:00:00,0.58578104
184,2024-09-09 14:00:00,0.5997521
184,2024-09-09 15:00:00,0.65566206
184,2024-09-09 16:00:00,0.8018495
184,2024-09-09 17:00:00,0.95900387
184,2024-09-09 18:00:00,0.9827609
186,2024-09-09 12:00:00,0.8434956
186,2024-09-09 13:00:00,1.3282084
186,2024-09-09 14:00:00,1.119316
186,2024-09-09 15:00:00,1.2033564
186,2024-09-09 16:00:00,2.0167944
186,2024-09-09 17:00:00,1.7027253
186,2024-09-09 18:00:00,2.5539258
187,2024-09-09 12:00:00,0.68767893
187,2024-09-09 13:00:00,0.6783566
187,2024-09-09 14:00:00,0.7092175
187,2024-09-09 15:00:00,0.69449675
187,2024-09-09 16:00:00,0.90403146
187,2024-09-09 17:00:00,0.9454362
187,2024-09-09 18:00:00,1.2196021
188,2024-09-09 12:00:00,0.66450787
188,2024-09-09 13:00:00,0.686714
188,2024-09-09 14:00:00,0.6655632
188,2024-09-09 15:00:00,0.8012376
188,2024-09-09 16:00:00,0.9481852
188,2024-09-09 17:00:00,1.5835115
188,2024-09-09 18:00:00,1.7012981
189,2024-09-09 12:00:00,0.7537741
189,2024-09-09 13:00:00,0.9008129
189,2024-09-09 14:00:00,0.88599354
189,2024-09-09 15:00:00,1.142594
189,2024-09-09 16:00:00,1.2439843
189,2024-09-09 17:00:00,1.575145
189,2024-09-09 18:00:00,1.6051432
190,2024-09-09 12:00:00,0.8008359
190,2024-09-09 13:00:00,0.9117984
190,2024-09-09 14:00:00,0.8816931
190,2024-09-09 15:00:00,0.9942327
190,2024-09-09 16:00:00,1.4274905
190,2024-09-09 17:00:00,1.2564007
190,2024-09-09 18:00:00,1.7586627
191,2024-09-09 12:00:00,0.3646634
191,2024-09-09 13:00:00,0.5513623
191,2024-09-09 14:00:00,0.5396741
191,2024-09-09 15:00:00,0.5331077
191,2024-09-09 16:00:00,0.6050701
191,2024-09-09 17:00:00,0.78864866
191,2024-09-09 18:00:00,0.8044546
193,2024-09-09 12:00:00,0.7157064
193,2024-09-09 13:00:00,0.9747372
193,2024-09-09 14:00:00,0.949641
193,2024-09-09 15:00:00,0.9158961
193,2024-09-09 16:00:00,1.3474723
193,2024-09-09 17:00:00,1.8358916
193,2024-09-09 18:00:00,1.3315622
194,2024-09-09 12:00:00,0.7131237
194,2024-09-09 13:00:00,0.8233505
194,2024-09-09 14:00:00,0.9523632
194,2024-09-09 15:00:00,0.96286476
194,2024-09-09 16:00:00,1.2293853
194,2024-09-09 17:00:00,1.5390196
194,2024-09-09 18:00:00,1.8500085
196,2024-09-09 12:00:00,0.49530846
196,2024-09-09 13:00:00,0.6749895
196,2024-09-09 14:00:00,1.0007333
196,2024-09-09 15:00:00,0.69534427
196,2024-09-09 16:00:00,0.75220054
196,2024-09-09 17:00:00,1.2230276
196,2024-09-09 18:00:00,1.5735325
197,2024-09-09 12:00:00,0.32497984
197,2024-09-09 13:00:00,0.3427036
197,2024-09-09 14:00:00,0.3512453
197,2024-09-09 15:00:00,0.4037647
197,2024-09-09 16:00:00,0.6288435
197,2024-09-09 17:00:00,1.620876
197,2024-09-09 18:00:00,0.9866713
199,2024-09-09 12:00:00,1.4014026
199,2024-09-09 13:00:00,1.6514877
199,2024-09-09 14:00:00,1.639103
199,2024-09-09 15:00:00,1.7515373
199,2024-09-09 16:00:00,1.439387
199,2024-09-09 17:00:00,3.0501177
199,2024-09-09 18:00:00,3.5956526
200,2024-09-09 12:00:00,1.2042791
200,2024-09-09 13:00:00,1.571868
200,2024-09-09 14:00:00,2.0847678
200,2024-09-09 15:00:00,1.9233238
200,2024-09-09 16:00:00,3.3976758
200,2024-09-09 17:00:00,2.5843546
200,2024-09-09 18:00:00,3.7917938
202,2024-09-09 12:00:00,1.8192587
202,2024-09-09 13:00:00,1.9991214
202,2024-09-09 14:00:00,2.35449
202,2024-09-09 15:00:00,2.9999874
202,2024-09-09 16:00:00,6.0870566
202,2024-09-09 17:00:00,4.1035953
202,2024-09-09 18:00:00,4.2613297
203,2024-09-09 12:00:00,0.21107534
203,2024-09-09 13:00:00,0.20357054
203,2024-09-09 14:00:00,0.048030782
203,2024-09-09 15:00:00,0.08203045
203,2024-09-09 16:00:00,0.2969326
203,2024-09-09 17:00:00,0.50396055
203,2024-09-09 18:00:00,0.50482327
204,2024-09-09 12:00:00,0.7962225
204,2024-09-09 13:00:00,1.2022033
204,2024-09-09 14:00:00,1.0600436
204,2024-09-09 15:00:00,0.9272571
204,2024-09-09 16:00:00,1.394932
204,2024-09-09 17:00:00,1.7393348
204,2024-09-09 18:00:00,1.2498817
206,2024-09-09 12:00:00,0.85832024
206,2024-09-09 13:00:00,0.9521845
206,2024-09-09 14:00:00,0.93934184
206,2024-09-09 15:00:00,1.2120059
206,2024-09-09 16:00:00,1.493168
206,2024-09-09 17:00:00,1.9194276
206,2024-09-09 18:00:00,1.3034009
207,2024-09-09 12:00:00,0.113119826
207,2024-09-09 13:00:00,0.13859624
207,2024-09-09 14:00:00,0.13442168
207,2024-09-09 15:00:00,0.32649037
207,2024-09-09 16:00:00,0.3668604
207,2024-09-09 17:00:00,0.5263725
207,2024-09-09 18:00:00,0.5312279
208,2024-09-09 12:00:00,0.43588734
208,2024-09-09 13:00:00,0.5137732
208,2024-09-09 14:00:00,0.49841416
208,2024-09-09 15:00:00,0.5112504
208,2024-09-09 16:00:00,0.6298358
208,2024-09-09 17:00:00,0.6943119
208,2024-09-09 18:00:00,0.71771824
210,2024-09-09 12:00:00,0.7593632
210,2024-09-09 13:00:00,0.8196078
210,2024-09-09 14:00:00,0.9697753
210,2024-09-09 15:00:00,0.91127735
210,2024-09-09 16:00:00,1.6133788
210,2024-09-09 17:00:00,2.7407544
210,2024-09-09 18:00:00,2.4987476
212,2024-09-09 12:00:00,0.9294443
212,2024-09-09 13:00:00,0.96061105
212,2024-09-09 14:00:00,1.1933959
212,2024-09-09 15:00:00,1.3489174
212,2024-09-09 16:00:00,1.9508585
212,2024-09-09 17:00:00,2.0246313
212,2024-09-09 18:00:00,2.600295
213,2024-09-09 12:00:00,0.74873203
213,2024-09-09 13:00:00,1.1951268
213,2024-09-09 14:00:00,1.1159484
213,2024-09-09 15:00:00,0.9139914
213,2024-09-09 16:00:00,1.6292284
213,2024-09-09 17:00:00,2.1314695
213,2024-09-09 18:00:00,2.2645319
215,2024-09-09 12:00:00,1.2166172
215,2024-09-09 13:00:00,1.178063
215,2024-09-09 14:00:00,1.7639769
215,2024-09-09 15:00:00,1.7520298
215,2024-09-09 16:00:00,2.2627368
215,2024-09-09 17:00:00,2.4405725
215,2024-09-09 18:00:00,2.5460935
216,2024-09-09 12:00:00,0.8941222
216,2024-09-09 13:00:00,1.1886456
216,2024-09-09 14:00:00,1.1803823
216,2024-09-09 15:00:00,1.3391677
216,2024-09-09 16:00:00,2.0153944
216,2024-09-09 17:00:00,1.4436444
216,2024-09-09 18:00:00,2.2812083
219,2024-09-09 12:00:00,0.36968064
219,2024-09-09 13:00:00,0.4478718
219,2024-09-09 14:00:00,0.4118769
219,2024-09-09 15:00:00,0.526926
219,2024-09-09 16:00:00,0.5837886
219,2024-09-09 17:00:00,0.7231911
219,2024-09-09 18:00:00,0.97342026
220,2024-09-09 12:00:00,0.21223581
220,2024-09-09 13:00:00,0.30089885
220,2024-09-09 14:00:00,0.30582434
220,2024-09-09 15:00:00,0.37788516
220,2024-09-09 16:00:00,0.46949902
220,2024-09-09 17:00:00,0.7844696
220,2024-09-09 18:00:00,0.8338377
222,2024-09-09 12:00:00,0.7653506
222,2024-09-09 13:00:00,0.7628218
222,2024-09-09 14:00:00,0.74740803
222,2024-09-09 15:00:00,0.8008253
222,2024-09-09 16:00:00,1.1865394
222,2024-09-09 17:00:00,1.0627434
222,2024-09-09 18:00:00,1.4545301
223,2024-09-09 12:00:00,0.6126657
223,2024-09-09 13:00:00,0.7399928
223,2024-09-09 14:00:00,0.83149517
223,2024-09-09 15:00:00,0.83577377
223,2024-09-09 16:00:00,1.403276
223,2024-09-09 17:00:00,1.5151834
223,2024-09-09 18:00:00,1.919377
227,2024-09-09 12:00:00,0.5185456
227,2024-09-09 13:00:00,0.6071009
227,2024-09-09 14:00:00,0.63834465
227,2024-09-09 15:00:00,0.68340355
227,2024-09-09 16:00:00,0.82825077
227,2024-09-09 17:00:00,1.2998356
227,2024-09-09 18:00:00,1.4108014
228,2024-09-09 12:00:00,1.0023127
228,2024-09-09 13:00:00,1.262611
228,2024-09-09 14:00:00,0.8464787
228,2024-09-09 15:00:00,0.9099683
228,2024-09-09 16:00:00,1.0674901
228,2024-09-09 17:00:00,1.249054
228,2024-09-09 18:00:00,1.273631
229,2024-09-09 12:00:00,0.4742918
229,2024-09-09 13:00:00,0.59221274
229,2024-09-09 14:00:00,0.6133883
229,2024-09-09 15:00:00,0.6130932
229,2024-09-09 16:00:00,0.90625167
229,2024-09-09 17:00:00,0.88971835
229,2024-09-09 18:00:00,1.2317966
230,2024-09-09 12:00:00,0.602713
230,2024-09-09 13:00:00,0.632447
230,2024-09-09 14:00:00,0.6054386
230,2024-09-09 15:00:00,0.76976305
230,2024-09-09 16:00:00,1.000244
230,2024-09-09 17:00:00,1.1637232
230,2024-09-09 18:00:00,1.2549531
231,2024-09-09 12:00:00,0.4829262
231,2024-09-09 13:00:00,0.6028934
231,2024-09-09 14:00:00,0.5638668
231,2024-09-09 15:00:00,0.61873305
231,2024-09-09 16:00:00,0.93553835
231,2024-09-09 17:00:00,0.9432784
231,2024-09-09 18:00:00,0.99451387
232,2024-09-09 12:00:00,0.2606479
232,2024-09-09 13:00:00,0.34702063
232,2024-09-09 14:00:00,0.3257795
232,2024-09-09 15:00:00,0.36950046
232,2024-09-09 16:00:00,0.55131334
232,2024-09-09 17:00:00,0.6459873
232,2024-09-09 18:00:00,0.79082614
234,2024-09-09 12:00:00,0.41782436
234,2024-09-09 13:00:00,0.7528975
234,2024-09-09 14:00:00,0.6586298
234,2024-09-09 15:00:00,0.44263297
234,2024-09-09 16:00:00,0.89001846
234,2024-09-09 17:00:00,0.8031171
234,2024-09-09 18:00:00,1.106748
235,2024-09-09 12:00:00,0.64535093
235,2024-09-09 13:00:00,0.7140679
235,2024-09-09 14:00:00,0.7029717
235,2024-09-09 15:00:00,0.75634897
235,2024-09-09 16:00:00,1.0880694
235,2024-09-09 17:00:00,1.7217411
235,2024-09-09 18:00:00,1.4470428
236,2024-09-09 12:00:00,0.72859687
236,2024-09-09 13:00:00,1.0317681
236,2024-09-09 14:00:00,1.1459557
236,2024-09-09 15:00:00,0.941994
236,2024-09-09 16:00:00,1.2684393
236,2024-09-09 17:00:00,1.5688965
236,2024-09-09 18:00:00,1.2640382
237,2024-09-09 12:00:00,0.21362135
237,2024-09-09 13:00:00,0.24372599
237,2024-09-09 14:00:00,0.24647814
237,2024-09-09 15:00:00,0.28619358
237,2024-09-09 16:00:00,0.6120669
237,2024-09-09 17:00:00,0.6394887
237,2024-09-09 18:00:00,0.5942125
239,2024-09-09 12:00:00,0.7134027
239,2024-09-09 13:00:00,0.78477126
239,2024-09-09 14:00:00,1.1616013
239,2024-09-09 15:00:00,1.221088
239,2024-09-09 16:00:00,0.99253076
239,2024-09-09 17:00:00,1.5856322
239,2024-09-09 18:00:00,1.2553444
241,2024-09-09 12:00:00,0.40309125
241,2024-09-09 13:00:00,0.44911033
241,2024-09-09 14:00:00,0.42758736
241,2024-09-09 15:00:00,0.46645686
241,2024-09-09 16:00:00,0.70678586
241,2024-09-09 17:00:00,0.89992255
241,2024-09-09 18:00:00,1.0625838
242,2024-09-09 12:00:00,1.1777649
242,2024-09-09 13:00:00,1.1299875
242,2024-09-09 14:00:00,1.457819
242,2024-09-09 15:00:00,1.4212575
242,2024-09-09 16:00:00,1.6916722
242,2024-09-09 17:00:00,1.9644268
242,2024-09-09 18:00:00,2.4222631
245,2024-09-09 12:00:00,0.44510418
245,2024-09-09 13:00:00,0.5557195
245,2024-09-09 14:00:00,0.45803115
245,2024-09-09 15:00:00,0.5078269
245,2024-09-09 16:00:00,0.7776539
245,2024-09-09 17:00:00,0.67311364
245,2024-09-09 18:00:00,1.0315609
247,2024-09-09 12:00:00,0.38469926
247,2024-09-09 13:00:00,0.4856864
247,2024-09-09 14:00:00,0.47247508
247,2024-09-09 15:00:00,0.49096164
247,2024-09-09 16:00:00,0.647021
247,2024-09-09 17:00:00,0.69491494
247,2024-09-09 18:00:00,0.75047815
248,2024-09-09 12:00:00,0.39626786
248,2024-09-09 13:00:00,0.4759007
248,2024-09-09 14:00:00,0.4950203
248,2024-09-09 15:00:00,0.54007757
248,2024-09-09 16:00:00,0.7447615
248,2024-09-09 17:00:00,0.98888284
248,2024-09-09 18:00:00,0.87303483
251,2024-09-09 12:00:00,0.17399544
251,2024-09-09 13:00:00,0.4015304
251,2024-09-09 14:00:00,0.223453
251,2024-09-09 15:00:00,0.22569795
251,2024-09-09 16:00:00,0.35934934
251,2024-09-09 17:00:00,0.45107833
251,2024-09-09 18:00:00,0.49545026
252,2024-09-09 12:00:00,0.50659215
252,2024-09-09 13:00:00,0.5398082
252,2024-09-09 14:00:00,0.63475573
252,2024-09-09 15:00:00,0.61848015
252,2024-09-09 16:00:00,1.1886426
252,2024-09-09 17:00:00,0.9439296
252,2024-09-09 18:00:00,0.9838056
253,2024-09-09 12:00:00,0.6809607
253,2024-09-09 13:00:00,0.84450275
253,2024-09-09 14:00:00,1.0384754
253,2024-09-09 15:00:00,0.9191968
253,2024-09-09 16:00:00,1.0793409
253,2024-09-09 17:00:00,1.9983195
253,2024-09-09 18:00:00,1.3227856
254,2024-09-09 12:00:00,0.6666052
254,2024-09-09 13:00:00,1.1324618
254,2024-09-09 14:00:00,1.2055058
254,2024-09-09 15:00:00,0.88914305
254,2024-09-09 16:00:00,1.7299658
254,2024-09-09 17:00:00,2.5157762
254,2024-09-09 18:00:00,1.520433
255,2024-09-09 12:00:00,0.45506516
255,2024-09-09 13:00:00,0.54018104
255,2024-09-09 14:00:00,0.5821852
255,2024-09-09 15:00:00,0.6458866
255,2024-09-09 16:00:00,0.87400365
255,2024-09-09 17:00:00,1.0601993
255,2024-09-09 18:00:00,1.4358225
257,2024-09-09 12:00:00,0.4506833
257,2024-09-09 13:00:00,0.52901244
257,2024-09-09 14:00:00,0.51878697
257,2024-09-09 15:00:00,0.5172585
257,2024-09-09 16:00:00,0.75390416
257,2024-09-09 17:00:00,0.91856855
257,2024-09-09 18:00:00,0.96595407
258,2024-09-09 12:00:00,0.43424052
258,2024-09-09 13:00:00,0.53540987
258,2024-09-09 14:00:00,0.40593335
258,2024-09-09 15:00:00,0.44478464
258,2024-09-09 16:00:00,0.65954274
258,2024-09-09 17:00:00,0.7910202
258,2024-09-09 18:00:00,0.8679979
259,2024-09-09 12:00:00,0.5201203
259,2024-09-09 13:00:00,0.58905613
259,2024-09-09 14:00:00,0.7566914
259,2024-09-09 15:00:00,0.6022889
259,2024-09-09 16:00:00,0.71117115
259,2024-09-09 17:00:00,0.8423875
259,2024-09-09 18:00:00,0.9444331
260,2024-09-09 12:00:00,0.34117708
260,2024-09-09 13:00:00,0.40001038
260,2024-09-09 14:00:00,0.38111094
260,2024-09-09 15:00:00,0.42635345
260,2024-09-09 16:00:00,0.5253936
260,2024-09-09 17:00:00,0.6993042
260,2024-09-09 18:00:00,1.0627706
261,2024-09-09 12:00:00,0.6616167
261,2024-09-09 13:00:00,0.83221257
261,2024-09-09 14:00:00,0.81111956
261,2024-09-09 15:00:00,0.8894978
261,2024-09-09 16:00:00,1.5018771
261,2024-09-09 17:00:00,2.1265185
261,2024-09-09 18:00:00,2.2033904
262,2024-09-09 12:00:00,0.50212795
262,2024-09-09 13:00:00,0.6868076
262,2024-09-09 14:00:00,0.6330603
262,2024-09-09 15:00:00,0.7382581
262,2024-09-09 16:00:00,0.8586941
262,2024-09-09 17:00:00,1.140098
262,2024-09-09 18:00:00,0.9481457
263,2024-09-09 12:00:00,0.6284047
263,2024-09-09 13:00:00,0.6276096
263,2024-09-09 14:00:00,0.6205136
263,2024-09-09 15:00:00,0.7852235
263,2024-09-09 16:00:00,1.1368124
263,2024-09-09 17:00:00,1.1834935
263,2024-09-09 18:00:00,1.6612568
264,2024-09-09 12:00:00,0.27368
264,2024-09-09 13:00:00,0.33892375
264,2024-09-09 14:00:00,0.2649647
264,2024-09-09 15:00:00,0.5107093
264,2024-09-09 16:00:00,0.572772
264,2024-09-09 17:00:00,0.54898304
264,2024-09-09 18:00:00,0.84017974
265,2024-09-09 12:00:00,0.2761958
265,2024-09-09 13:00:00,0.30502012
265,2024-09-09 14:00:00,0.3068922
265,2024-09-09 15:00:00,0.3344788
265,2024-09-09 16:00:00,0.4594353
265,2024-09-09 17:00:00,0.84529054
265,2024-09-09 18:00:00,1.0808259
267,2024-09-09 12:00:00,0.17463285
267,2024-09-09 13:00:00,0.25092295
267,2024-09-09 14:00:00,0.24600023
267,2024-09-09 15:00:00,0.25263947
267,2024-09-09 16:00:00,0.38596106
267,2024-09-09 17:00:00,0.4427046
267,2024-09-09 18:00:00,0.47584635
268,2024-09-09 12:00:00,0.49137464
268,2024-09-09 13:00:00,0.5559936
268,2024-09-09 14:00:00,0.5314235
268,2024-09-09 15:00:00,0.5871458
268,2024-09-09 16:00:00,0.809043
268,2024-09-09 17:00:00,1.1416223
268,2024-09-09 18:00:00,1.3029426
269,2024-09-09 12:00:00,0.50761867
269,2024-09-09 13:00:00,0.6209341
269,2024-09-09 14:00:00,0.53341115
269,2024-09-09 15:00:00,0.6594952
269,2024-09-09 16:00:00,0.9420611
269,2024-09-09 17:00:00,0.93200964
269,2024-09-09 18:00:00,1.1422733
270,2024-09-09 12:00:00,0.2054306
270,2024-09-09 13:00:00,0.28547725
270,2024-09-09 14:00:00,0.30281928
270,2024-09-09 15:00:00,0.28170228
270,2024-09-09 16:00:00,0.37058535
270,2024-09-09 17:00:00,0.56684977
270,2024-09-09 18:00:00,0.8827011
271,2024-09-09 12:00:00,0.37782022
271,2024-09-09 13:00:00,0.5418976
271,2024-09-09 14:00:00,0.39289263
271,2024-09-09 15:00:00,0.39076945
271,2024-09-09 16:00:00,0.46454522
271,2024-09-09 17:00:00,0.57039183
271,2024-09-09 18:00:00,0.5356484
273,2024-09-09 12:00:00,0.65751773
273,2024-09-09 13:00:00,0.9575936
273,2024-09-09 14:00:00,0.90779155
273,2024-09-09 15:00:00,1.1356056
273,2024-09-09 16:00:00,1.2614933
273,2024-09-09 17:00:00,1.9612744
273,2024-09-09 18:00:00,2.252751
275,2024-09-09 12:00:00,0.7268117
275,2024-09-09 13:00:00,0.8567079
275,2024-09-09 14:00:00,0.83834296
275,2024-09-09 15:00:00,0.9472004
275,2024-09-09 16:00:00,1.2168921
275,2024-09-09 17:00:00,1.4800931
275,2024-09-09 18:00:00,1.6173904
277,2024-09-09 12:00:00,1.5984048
277,2024-09-09 13:00:00,1.8769202
277,2024-09-09 14:00:00,1.5630783
277,2024-09-09 15:00:00,1.7666997
277,2024-09-09 16:00:00,2.3347507
277,2024-09-09 17:00:00,2.9546144
277,2024-09-09 18:00:00,4.013461
278,2024-09-09 12:00:00,0.4734102
278,2024-09-09 13:00:00,0.75848514
278,2024-09-09 14:00:00,0.61757493
278,2024-09-09 15:00:00,0.6565383
278,2024-09-09 16:00:00,0.80540985
278,2024-09-09 17:00:00,1.102681
278,2024-09-09 18:00:00,1.1619494
280,2024-09-09 12:00:00,0.42589614
280,2024-09-09 13:00:00,0.38759568
280,2024-09-09 14:00:00,0.423927
280,2024-09-09 15:00:00,0.46334395
280,2024-09-09 16:00:00,0.6444311
280,2024-09-09 17:00:00,0.8493068
280,2024-09-09 18:00:00,0.8831228
281,2024-09-09 12:00:00,0.6599653
281,2024-09-09 13:00:00,1.3003068
281,2024-09-09 14:00:00,1.2774932
281,2024-09-09 15:00:00,1.2729874
281,2024-09-09 16:00:00,2.3589096
281,2024-09-09 17:00:00,2.780043
281,2024-09-09 18:00:00,2.322071
284,2024-09-09 12:00:00,0.33799508
284,2024-09-09 13:00:00,0.47787768
284,2024-09-09 14:00:00,0.4891729
284,2024-09-09 15:00:00,0.49026138
284,2024-09-09 16:00:00,0.74540085
284,2024-09-09 17:00:00,1.0284613
284,2024-09-09 18:00:00,1.0908192
289,2024-09-09 12:00:00,1.8404579
289,2024-09-09 13:00:00,1.9317503
289,2024-09-09 14:00:00,2.0044782
289,2024-09-09 15:00:00,2.5439882
289,2024-09-09 16:00:00,2.4812865
289,2024-09-09 17:00:00,3.4142773
289,2024-09-09 18:00:00,3.4912062
291,2024-09-09 12:00:00,0.49589822
291,2024-09-09 13:00:00,0.77300274
291,2024-09-09 14:00:00,0.69472855
291,2024-09-09 15:00:00,0.7997151
291,2024-09-09 16:00:00,0.81825984
291,2024-09-09 17:00:00,1.0565
291,2024-09-09 18:00:00,1.2188028
299,2024-09-09 12:00:00,0.45971638
299,2024-09-09 13:00:00,0.45106775
299,2024-09-09 14:00:00,0.43466303
299,2024-09-09 15:00:00,0.5431345
299,2024-09-09 16:00:00,0.7689358
299,2024-09-09 17:00:00,0.91959524
299,2024-09-09 18:00:00,0.8991306
301,2024-09-09 12:00:00,0.1861545
301,2024-09-09 13:00:00,0.3675114
301,2024-09-09 14:00:00,0.6988561
301,2024-09-09 15:00:00,1.1266252
301,2024-09-09 16:00:00,0.38073117
301,2024-09-09 17:00:00,0.48793656
301,2024-09-09 18:00:00,0.53006876
302,2024-09-09 12:00:00,0.40995145
302,2024-09-09 13:00:00,0.6709937
302,2024-09-09 14:00:00,0.5090644
302,2024-09-09 15:00:00,0.75447845
302,2024-09-09 16:00:00,0.6943406
302,2024-09-09 17:00:00,1.1053467
302,2024-09-09 18:00:00,1.1565554
304,2024-09-09 12:00:00,0.33141702
304,2024-09-09 13:00:00,0.38159546
304,2024-09-09 14:00:00,0.37400663
304,2024-09-09 15:00:00,0.4863456
304,2024-09-09 16:00:00,0.6446615
304,2024-09-09 17:00:00,0.8619917
304,2024-09-09 18:00:00,0.92666227
307,2024-09-09 12:00:00,0.101919904
307,2024-09-09 13:00:00,0.15710308
307,2024-09-09 14:00:00,0.15525113
307,2024-09-09 15:00:00,0.17278045
307,2024-09-09 16:00:00,0.27143106
307,2024-09-09 17:00:00,0.32888252
307,2024-09-09 18:00:00,0.35435307
308,2024-09-09 12:00:00,0.72129256
308,2024-09-09 13:00:00,1.2027521
308,2024-09-09 14:00:00,0.84437925
308,2024-09-09 15:00:00,0.8967358
308,2024-09-09 16:00:00,1.2534401
308,2024-09-09 17:00:00,1.4515227
308,2024-09-09 18:00:00,1.7154526
309,2024-09-09 12:00:00,0.1691882
309,2024-09-09 13:00:00,0.20134431
309,2024-09-09 14:00:00,0.18812443
309,2024-09-09 15:00:00,0.25324225
309,2024-09-09 16:00:00,0.4055059
309,2024-09-09 17:00:00,0.7131489
309,2024-09-09 18:00:00,0.6407024
310,2024-09-09 12:00:00,0.07954856
310,2024-09-09 13:00:00,0.10160436
310,2024-09-09 14:00:00,0.089384556
310,2024-09-09 15:00:00,0.13212247
310,2024-09-09 16:00:00,0.22000436
310,2024-09-09 17:00:00,0.31421876
310,2024-09-09 18:00:00,0.33038852
311,2024-09-09 12:00:00,0.114769235
311,2024-09-09 13:00:00,0.16572152
311,2024-09-09 14:00:00,0.13321476
311,2024-09-09 15:00:00,0.14347905
311,2024-09-09 16:00:00,0.3244814
311,2024-09-09 17:00:00,0.31753427
311,2024-09-09 18:00:00,0.37142876
316,2024-09-09 12:00:00,0.5266285
316,2024-09-09 13:00:00,0.6282009
316,2024-09-09 14:00:00,0.5954356
316,2024-09-09 15:00:00,0.673807
316,2024-09-09 16:00:00,1.1176155
316,2024-09-09 17:00:00,1.0581753
316,2024-09-09 18:00:00,1.4340137
318,2024-09-09 12:00:00,0.50093603
318,2024-09-09 13:00:00,0.739217
318,2024-09-09 14:00:00,0.55272347
318,2024-09-09 15:00:00,0.63580304
318,2024-09-09 16:00:00,0.9510608
318,2024-09-09 17:00:00,1.2588534
318,2024-09-09 18:00:00,1.597746
322,2024-09-09 12:00:00,0.5419973
322,2024-09-09 13:00:00,0.6870614
322,2024-09-09 14:00:00,0.5769848
322,2024-09-09 15:00:00,0.9803017
322,2024-09-09 16:00:00,0.72492445
322,2024-09-09 17:00:00,0.939625
322,2024-09-09 18:00:00,1.248274
323,2024-09-09 12:00:00,0.45207506
323,2024-09-09 13:00:00,0.5002723
323,2024-09-09 14:00:00,0.4662598
323,2024-09-09 15:00:00,0.52411336
323,2024-09-09 16:00:00,0.78534615
323,2024-09-09 17:00:00,0.93480974
323,2024-09-09 18:00:00,0.7862678
324,2024-09-09 12:00:00,0.376271
324,2024-09-09 13:00:00,0.45932788
324,2024-09-09 14:00:00,0.4357484
324,2024-09-09 15:00:00,0.44836155
324,2024-09-09 16:00:00,0.70189744
324,2024-09-09 17:00:00,0.9320642
324,2024-09-09 18:00:00,0.8871991
327,2024-09-09 12:00:00,0.11258796
327,2024-09-09 13:00:00,0.31947118
327,2024-09-09 14:00:00,0.14466855
327,2024-09-09 15:00:00,0.18511815
327,2024-09-09 16:00:00,0.30097452
327,2024-09-09 17:00:00,0.41340655
327,2024-09-09 18:00:00,0.44507554
329,2024-09-09 12:00:00,0.75830525
329,2024-09-09 13:00:00,0.8749976
329,2024-09-09 14:00:00,0.80346024
329,2024-09-09 15:00:00,0.8625556
329,2024-09-09 16:00:00,1.2294978
329,2024-09-09 17:00:00,1.6408355
329,2024-09-09 18:00:00,1.1559299
330,2024-09-09 12:00:00,0.14229357
330,2024-09-09 13:00:00,0.1868643
330,2024-09-09 14:00:00,0.1650087
330,2024-09-09 15:00:00,0.32398987
330,2024-09-09 16:00:00,0.2832423
330,2024-09-09 17:00:00,0.38784933
330,2024-09-09 18:00:00,0.4095236
333,2024-09-09 12:00:00,0.23613545
333,2024-09-09 13:00:00,0.2799205
333,2024-09-09 14:00:00,0.26107553
333,2024-09-09 15:00:00,0.30038184
333,2024-09-09 16:00:00,0.3995795
333,2024-09-09 17:00:00,0.6223364
333,2024-09-09 18:00:00,0.57829523
335,2024-09-09 12:00:00,0.42779148
335,2024-09-09 13:00:00,0.49153852
335,2024-09-09 14:00:00,0.4674384
335,2024-09-09 15:00:00,0.50132734
335,2024-09-09 16:00:00,0.7496529
335,2024-09-09 17:00:00,1.1452022
335,2024-09-09 18:00:00,1.106628
336,2024-09-09 12:00:00,0.47427288
336,2024-09-09 13:00:00,0.6209298
336,2024-09-09 14:00:00,1.1171159
336,2024-09-09 15:00:00,0.89554673
336,2024-09-09 16:00:00,0.6936112
336,2024-09-09 17:00:00,0.83727413
336,2024-09-09 18:00:00,0.8691249
340,2024-09-09 12:00:00,0.5160384
340,2024-09-09 13:00:00,0.7064869
340,2024-09-09 14:00:00,0.57184386
340,2024-09-09 15:00:00,0.59741855
340,2024-09-09 16:00:00,0.89202124
340,2024-09-09 17:00:00,0.9160442
340,2024-09-09 18:00:00,1.3484781
342,2024-09-09 12:00:00,0.36621952
342,2024-09-09 13:00:00,0.46922645
342,2024-09-09 14:00:00,0.42755374
342,2024-09-09 15:00:00,0.46663025
342,2024-09-09 16:00:00,0.6944303
342,2024-09-09 17:00:00,0.9515223
342,2024-09-09 18:00:00,1.0056808
348,2024-09-09 12:00:00,0.28343728
348,2024-09-09 13:00:00,0.34473696
348,2024-09-09 14:00:00,0.4088309
348,2024-09-09 15:00:00,0.37588242
348,2024-09-09 16:00:00,0.5447084
348,2024-09-09 17:00:00,0.68708056
348,2024-09-09 18:00:00,0.71835476
349,2024-09-09 12:00:00,0.1906446
349,2024-09-09 13:00:00,0.27552125
349,2024-09-09 14:00:00,0.19959563
349,2024-09-09 15:00:00,0.23626274
349,2024-09-09 16:00:00,0.333072
349,2024-09-09 17:00:00,0.39811593
349,2024-09-09 18:00:00,0.5278437
353,2024-09-09 12:00:00,0.96326226
353,2024-09-09 13:00:00,1.8953829
353,2024-09-09 14:00:00,1.282195
353,2024-09-09 15:00:00,1.4986149
353,2024-09-09 16:00:00,1.3549073
353,2024-09-09 17:00:00,2.0165615
353,2024-09-09 18:00:00,1.7023765
355,2024-09-09 12:00:00,0.40883416
355,2024-09-09 13:00:00,0.5066882
355,2024-09-09 14:00:00,0.47700867
355,2024-09-09 15:00:00,0.5150518
355,2024-09-09 16:00:00,0.7027927
355,2024-09-09 17:00:00,0.7723944
355,2024-09-09 18:00:00,0.8039704
358,2024-09-09 12:00:00,0.6581399
358,2024-09-09 13:00:00,1.2287205
358,2024-09-09 14:00:00,0.6793314
358,2024-09-09 15:00:00,0.86996335
358,2024-09-09 16:00:00,0.92654353
358,2024-09-09 17:00:00,1.1030254
358,2024-09-09 18:00:00,1.533643
359,2024-09-09 12:00:00,0.66207683
359,2024-09-09 13:00:00,0.8819947
359,2024-09-09 14:00:00,1.0429478
359,2024-09-09 15:00:00,0.79520154
359,2024-09-09 16:00:00,0.8609555
359,2024-09-09 17:00:00,1.037816
359,2024-09-09 18:00:00,1.4460597
361,2024-09-09 12:00:00,0.39352265
361,2024-09-09 13:00:00,0.48092985
361,2024-09-09 14:00:00,0.45329458
361,2024-09-09 15:00:00,0.464908
361,2024-09-09 16:00:00,0.68384236
361,2024-09-09 17:00:00,0.7477533
361,2024-09-09 18:00:00,0.9293685
362,2024-09-09 12:00:00,0.24046744
362,2024-09-09 13:00:00,0.29509488
362,2024-09-09 14:00:00,0.2832396
362,2024-09-09 15:00:00,0.28263238
362,2024-09-09 16:00:00,0.49791077
362,2024-09-09 17:00:00,0.57836115
362,2024-09-09 18:00:00,0.6078705
363,2024-09-09 12:00:00,0.37673134
363,2024-09-09 13:00:00,0.3749852
363,2024-09-09 14:00:00,0.3709195
363,2024-09-09 15:00:00,0.44878736
363,2024-09-09 16:00:00,0.7088798
363,2024-09-09 17:00:00,1.0933183
363,2024-09-09 18:00:00,0.7491455
364,2024-09-09 12:00:00,0.6516492
364,2024-09-09 13:00:00,0.67526466
364,2024-09-09 14:00:00,0.7951546
364,2024-09-09 15:00:00,0.6872128
364,2024-09-09 16:00:00,0.979864
364,2024-09-09 17:00:00,1.2342042
364,2024-09-09 18:00:00,1.0206627
366,2024-09-09 12:00:00,0.29039615
366,2024-09-09 13:00:00,0.34744146
366,2024-09-09 14:00:00,0.360816
366,2024-09-09 15:00:00,0.511203
366,2024-09-09 16:00:00,0.5879737
366,2024-09-09 17:00:00,0.87436694
366,2024-09-09 18:00:00,0.7335933
367,2024-09-09 12:00:00,0.40452123
367,2024-09-09 13:00:00,0.5123506
367,2024-09-09 14:00:00,0.48343083
367,2024-09-09 15:00:00,0.5783403
367,2024-09-09 16:00:00,0.822268
367,2024-09-09 17:00:00,0.9813858
367,2024-09-09 18:00:00,1.0231373
368,2024-09-09 12:00:00,0.33929223
368,2024-09-09 13:00:00,0.41091305
368,2024-09-09 14:00:00,0.4078473
368,2024-09-09 15:00:00,0.4807246
368,2024-09-09 16:00:00,0.61588913
368,2024-09-09 17:00:00,0.84135383
368,2024-09-09 18:00:00,0.8250163
369,2024-09-09 12:00:00,0.18828405
369,2024-09-09 13:00:00,0.25793514
369,2024-09-09 14:00:00,0.24061978
369,2024-09-09 15:00:00,0.2717446
369,2024-09-09 16:00:00,0.41999802
369,2024-09-09 17:00:00,0.5072752
369,2024-09-09 18:00:00,0.63978994
370,2024-09-09 12:00:00,0.22779684
370,2024-09-09 13:00:00,0.27354684
370,2024-09-09 14:00:00,0.2600535
370,2024-09-09 15:00:00,0.29317248
370,2024-09-09 16:00:00,0.43069103
370,2024-09-09 17:00:00,0.54218084
370,2024-09-09 18:00:00,0.5924198
371,2024-09-09 12:00:00,0.38178906
371,2024-09-09 13:00:00,0.8538009
371,2024-09-09 14:00:00,0.38559762
371,2024-09-09 15:00:00,0.41957787
371,2024-09-09 16:00:00,0.59062195
371,2024-09-09 17:00:00,0.76580185
371,2024-09-09 18:00:00,0.77042806
372,2024-09-09 12:00:00,0.46954858
372,2024-09-09 13:00:00,0.41080353
372,2024-09-09 14:00:00,0.40053776
372,2024-09-09 15:00:00,0.450348
372,2024-09-09 16:00:00,0.6421646
372,2024-09-09 17:00:00,0.8084665
372,2024-09-09 18:00:00,0.81819487
373,2024-09-09 12:00:00,0.24281067
373,2024-09-09 13:00:00,0.30931842
373,2024-09-09 14:00:00,0.2867863
373,2024-09-09 15:00:00,0.33181354
373,2024-09-09 16:00:00,0.4817961
373,2024-09-09 17:00:00,0.572464
373,2024-09-09 18:00:00,0.59893656
374,2024-09-09 12:00:00,0.37385303
374,2024-09-09 13:00:00,0.34230912
374,2024-09-09 14:00:00,0.34477893
374,2024-09-09 15:00:00,0.37344006
374,2024-09-09 16:00:00,0.5655051
374,2024-09-09 17:00:00,0.7601254
374,2024-09-09 18:00:00,0.7307375
375,2024-09-09 12:00:00,0.25810528
375,2024-09-09 13:00:00,0.32838115
375,2024-09-09 14:00:00,0.30150574
375,2024-09-09 15:00:00,0.37603536
375,2024-09-09 16:00:00,0.58196974
375,2024-09-09 17:00:00,0.87053734
375,2024-09-09 18:00:00,0.90108156
376,2024-09-09 12:00:00,0.26347977
376,2024-09-09 13:00:00,0.37069526
376,2024-09-09 14:00:00,0.3012071
376,2024-09-09 15:00:00,0.34434807
376,2024-09-09 16:00:00,0.4423623
376,2024-09-09 17:00:00,0.705502
376,2024-09-09 18:00:00,0.7218702
378,2024-09-09 12:00:00,0.57130915
378,2024-09-09 13:00:00,0.6361661
378,2024-09-09 14:00:00,0.92602265
378,2024-09-09 15:00:00,0.6567401
378,2024-09-09 16:00:00,1.0064831
378,2024-09-09 17:00:00,1.3702167
378,2024-09-09 18:00:00,1.3496329
379,2024-09-09 12:00:00,0.89756626
379,2024-09-09 13:00:00,1.1523578
379,2024-09-09 14:00:00,0.822015
379,2024-09-09 15:00:00,0.92809194
379,2024-09-09 16:00:00,1.2066835
379,2024-09-09 17:00:00,1.3732842
379,2024-09-09 18:00:00,1.3893448
381,2024-09-09 12:00:00,0.39599195
381,2024-09-09 13:00:00,0.48810208
381,2024-09-09 14:00:00,0.48312098
381,2024-09-09 15:00:00,0.52493364
381,2024-09-09 16:00:00,0.6941435
381,2024-09-09 17:00:00,0.8182292
381,2024-09-09 18:00:00,1.2046773
382,2024-09-09 12:00:00,0.26922536
382,2024-09-09 13:00:00,0.44041768
382,2024-09-09 14:00:00,0.3424696
382,2024-09-09 15:00:00,0.36733025
382,2024-09-09 16:00:00,0.560033
382,2024-09-09 17:00:00,0.8070701
382,2024-09-09 18:00:00,0.68821764
383,2024-09-09 12:00:00,0.3130188
383,2024-09-09 13:00:00,0.35196745
383,2024-09-09 14:00:00,0.29712427
383,2024-09-09 15:00:00,0.3625829
383,2024-09-09 16:00:00,0.49931952
383,2024-09-09 17:00:00,0.76035595
383,2024-09-09 18:00:00,0.82344407
384,2024-09-09 12:00:00,0.37561178
384,2024-09-09 13:00:00,0.5349401
384,2024-09-09 14:00:00,0.43048632
384,2024-09-09 15:00:00,0.49382436
384,2024-09-09 16:00:00,0.5495051
384,2024-09-09 17:00:00,0.63668466
384,2024-09-09 18:00:00,0.8567045
385,2024-09-09 12:00:00,0.44519302
385,2024-09-09 13:00:00,0.5959059
385,2024-09-09 14:00:00,0.47017986
385,2024-09-09 15:00:00,0.57592714
385,2024-09-09 16:00:00,0.8673901
385,2024-09-09 17:00:00,1.1146756
385,2024-09-09 18:00:00,1.129475
386,2024-09-09 12:00:00,0.20439005
386,2024-09-09 13:00:00,0.251164
386,2024-09-09 14:00:00,0.22284663
386,2024-09-09 15:00:00,0.23890337
386,2024-09-09 16:00:00,0.3788947
386,2024-09-09 17:00:00,0.44506162
386,2024-09-09 18:00:00,0.48364887
387,2024-09-09 12:00:00,0.6008305
387,2024-09-09 13:00:00,0.58615154
387,2024-09-09 14:00:00,0.5828436
387,2024-09-09 15:00:00,0.6132632
387,2024-09-09 16:00:00,1.2366978
387,2024-09-09 17:00:00,1.401699
387,2024-09-09 18:00:00,2.1006553
392,2024-09-09 12:00:00,0.39387086
392,2024-09-09 13:00:00,0.4536316
392,2024-09-09 14:00:00,0.40292814
392,2024-09-09 15:00:00,0.4424439
392,2024-09-09 16:00:00,0.67808735
392,2024-09-09 17:00:00,0.83649355
392,2024-09-09 18:00:00,0.84730893
393,2024-09-09 12:00:00,0.23619334
393,2024-09-09 13:00:00,0.3270783
393,2024-09-09 14:00:00,0.2680209
393,2024-09-09 15:00:00,0.27616552
393,2024-09-09 16:00:00,0.3704778
393,2024-09-09 17:00:00,0.39612722
393,2024-09-09 18:00:00,0.5090076
395,2024-09-09 12:00:00,0.24099027
395,2024-09-09 13:00:00,0.2898038
395,2024-09-09 14:00:00,0.2675466
395,2024-09-09 15:00:00,0.22865956
395,2024-09-09 16:00:00,0.33404094
395,2024-09-09 17:00:00,0.3515255
395,2024-09-09 18:00:00,0.4938182
400,2024-09-09 12:00:00,0.274371
400,2024-09-09 13:00:00,0.33968458
400,2024-09-09 14:00:00,0.3054212
400,2024-09-09 15:00:00,0.27300975
400,2024-09-09 16:00:00,0.4118333
400,2024-09-09 17:00:00,0.52827
400,2024-09-09 18:00:00,0.54997146
403,2024-09-09 12:00:00,0.55763596
403,2024-09-09 13:00:00,0.6274396
403,2024-09-09 14:00:00,0.71481407
403,2024-09-09 15:00:00,0.7632446
403,2024-09-09 16:00:00,1.3243501
403,2024-09-09 17:00:00,1.6665736
403,2024-09-09 18:00:00,1.8110963
407,2024-09-09 12:00:00,0.33885944
407,2024-09-09 13:00:00,0.39414978
407,2024-09-09 14:00:00,0.94423145
407,2024-09-09 15:00:00,0.81069636
407,2024-09-09 16:00:00,0.71878403
407,2024-09-09 17:00:00,1.5027169
407,2024-09-09 18:00:00,2.3716326
408,2024-09-09 12:00:00,0.3680408
408,2024-09-09 13:00:00,0.45880184
408,2024-09-09 14:00:00,0.4237693
408,2024-09-09 15:00:00,0.4720099
408,2024-09-09 16:00:00,0.60289115
408,2024-09-09 17:00:00,0.71176714
408,2024-09-09 18:00:00,0.7618044
412,2024-09-09 12:00:00,0.26080886
412,2024-09-09 13:00:00,0.29428738
412,2024-09-09 14:00:00,0.3018566
412,2024-09-09 15:00:00,0.3135483
412,2024-09-09 16:00:00,0.50336546
412,2024-09-09 17:00:00,0.6128279
412,2024-09-09 18:00:00,0.6420493
413,2024-09-09 12:00:00,0.090458915
413,2024-09-09 13:00:00,0.12058327
413,2024-09-09 14:00:00,0.1182013
413,2024-09-09 15:00:00,0.16020945
413,2024-09-09 16:00:00,0.26426446
413,2024-09-09 17:00:00,0.37616363
413,2024-09-09 18:00:00,0.40145347
414,2024-09-09 12:00:00,0.35128897
414,2024-09-09 13:00:00,0.42294344
414,2024-09-09 14:00:00,0.50169575
414,2024-09-09 15:00:00,0.55596197
414,2024-09-09 16:00:00,0.9060943
414,2024-09-09 17:00:00,1.2985449
414,2024-09-09 18:00:00,0.74159455
416,2024-09-09 12:00:00,0.5995798
416,2024-09-09 13:00:00,0.69436836
416,2024-09-09 14:00:00,0.75190383
416,2024-09-09 15:00:00,0.9609899
416,2024-09-09 16:00:00,1.1522199
416,2024-09-09 17:00:00,1.0897216
416,2024-09-09 18:00:00,1.6881354
417,2024-09-09 12:00:00,0.22203344
417,2024-09-09 13:00:00,0.26894358
417,2024-09-09 14:00:00,0.17469583
417,2024-09-09 15:00:00,0.27645886
417,2024-09-09 16:00:00,0.4817159
417,2024-09-09 17:00:00,0.48520067
417,2024-09-09 18:00:00,0.523103
418,2024-09-09 12:00:00,0.96186215
418,2024-09-09 13:00:00,0.8311472
418,2024-09-09 14:00:00,0.8121669
418,2024-09-09 15:00:00,1.2158695
418,2024-09-09 16:00:00,1.6689528
418,2024-09-09 17:00:00,1.8116896
418,2024-09-09 18:00:00,1.827698
420,2024-09-09 12:00:00,0.2599295
420,2024-09-09 13:00:00,0.81000006
420,2024-09-09 14:00:00,0.40921402
420,2024-09-09 15:00:00,0.43025056
420,2024-09-09 16:00:00,0.41586423
420,2024-09-09 17:00:00,0.3871678
420,2024-09-09 18:00:00,0.3454554
422,2024-09-09 12:00:00,0.26938415
422,2024-09-09 13:00:00,0.3255202
422,2024-09-09 14:00:00,0.32267088
422,2024-09-09 15:00:00,0.51689017
422,2024-09-09 16:00:00,0.5057751
422,2024-09-09 17:00:00,0.73573196
422,2024-09-09 18:00:00,0.63823116
423,2024-09-09 12:00:00,0.21470253
423,2024-09-09 13:00:00,0.28973764
423,2024-09-09 14:00:00,0.24864462
423,2024-09-09 15:00:00,0.28814065
423,2024-09-09 16:00:00,0.49755722
423,2024-09-09 17:00:00,0.6412159
423,2024-09-09 18:00:00,0.5642737
424,2024-09-09 12:00:00,0.33491606
424,2024-09-09 13:00:00,0.20486002
424,2024-09-09 14:00:00,0.20384634
424,2024-09-09 15:00:00,0.5026328
424,2024-09-09 16:00:00,0.64514756
424,2024-09-09 17:00:00,0.4901093
424,2024-09-09 18:00:00,0.86013496
425,2024-09-09 12:00:00,0.25300798
425,2024-09-09 13:00:00,0.32078183
425,2024-09-09 14:00:00,0.31974575
425,2024-09-09 15:00:00,0.3747934
425,2024-09-09 16:00:00,0.6111493
425,2024-09-09 17:00:00,0.7679316
425,2024-09-09 18:00:00,0.80606705
426,2024-09-09 12:00:00,0.582436
426,2024-09-09 13:00:00,1.0694293
426,2024-09-09 14:00:00,0.6662929
426,2024-09-09 15:00:00,0.71707046
426,2024-09-09 16:00:00,1.4494151
426,2024-09-09 17:00:00,1.8434716
426,2024-09-09 18:00:00,1.8720968
427,2024-09-09 12:00:00,0.30389655
427,2024-09-09 13:00:00,0.21767394
427,2024-09-09 14:00:00,0.1758682
427,2024-09-09 15:00:00,0.2508276
427,2024-09-09 16:00:00,0.40747637
427,2024-09-09 17:00:00,0.5417536
427,2024-09-09 18:00:00,0.56124955
428,2024-09-09 12:00:00,0.2352747
428,2024-09-09 13:00:00,0.28479406
428,2024-09-09 14:00:00,0.2554111
428,2024-09-09 15:00:00,0.27191883
428,2024-09-09 16:00:00,0.40589803
428,2024-09-09 17:00:00,0.47941127
428,2024-09-09 18:00:00,0.51547843
429,2024-09-09 12:00:00,0.19155933
429,2024-09-09 13:00:00,0.23750125
429,2024-09-09 14:00:00,0.24761261
429,2024-09-09 15:00:00,0.30056447
429,2024-09-09 16:00:00,0.4436046
429,2024-09-09 17:00:00,0.5859986
429,2024-09-09 18:00:00,0.60541177
431,2024-09-09 12:00:00,0.1263771
431,2024-09-09 13:00:00,0.30949107
431,2024-09-09 14:00:00,0.17408328
431,2024-09-09 15:00:00,0.18307795
431,2024-09-09 16:00:00,0.593099
431,2024-09-09 17:00:00,0.252223
431,2024-09-09 18:00:00,0.2662264
432,2024-09-09 12:00:00,0.83851963
432,2024-09-09 13:00:00,1.1375078
432,2024-09-09 14:00:00,1.2426089
432,2024-09-09 15:00:00,1.093714
432,2024-09-09 16:00:00,1.5149325
432,2024-09-09 17:00:00,2.0186539
432,2024-09-09 18:00:00,1.950215
433,2024-09-09 12:00:00,0.9263693
433,2024-09-09 13:00:00,0.8866483
433,2024-09-09 14:00:00,0.9181335
433,2024-09-09 15:00:00,0.9359887
433,2024-09-09 16:00:00,1.6415715
433,2024-09-09 17:00:00,2.1632078
433,2024-09-09 18:00:00,2.0261686
434,2024-09-09 12:00:00,0.20657918
434,2024-09-09 13:00:00,0.26492223
434,2024-09-09 14:00:00,0.25136518
434,2024-09-09 15:00:00,0.26787478
434,2024-09-09 16:00:00,0.3636634
434,2024-09-09 17:00:00,0.52640367
434,2024-09-09 18:00:00,0.6912546
435,2024-09-09 12:00:00,1.3764217
435,2024-09-09 13:00:00,1.4486485
435,2024-09-09 14:00:00,1.3419784
435,2024-09-09 15:00:00,1.190822
435,2024-09-09 16:00:00,1.8815877
435,2024-09-09 17:00:00,2.3395727
435,2024-09-09 18:00:00,2.3541548
436,2024-09-09 12:00:00,0.33441886
436,2024-09-09 13:00:00,0.47036126
436,2024-09-09 14:00:00,0.35006294
436,2024-09-09 15:00:00,0.46795946
436,2024-09-09 16:00:00,0.45404962
436,2024-09-09 17:00:00,0.6103648
436,2024-09-09 18:00:00,0.6640349
440,2024-09-09 12:00:00,1.0171217
440,2024-09-09 13:00:00,0.84044564
440,2024-09-09 14:00:00,1.0579048
440,2024-09-09 15:00:00,0.89534
440,2024-09-09 16:00:00,1.4182847
440,2024-09-09 17:00:00,2.2547715
440,2024-09-09 18:00:00,1.9607147
441,2024-09-09 12:00:00,1.3903348
441,2024-09-09 13:00:00,1.3025984
441,2024-09-09 14:00:00,1.6386703
441,2024-09-09 15:00:00,1.0687886
441,2024-09-09 16:00:00,1.2160827
441,2024-09-09 17:00:00,1.135171
441,2024-09-09 18:00:00,0.9028397
443,2024-09-09 12:00:00,0.057149604
443,2024-09-09 13:00:00,0.07071324
443,2024-09-09 14:00:00,0.0349417
443,2024-09-09 15:00:00,0.029866517
443,2024-09-09 16:00:00,0.07860436
443,2024-09-09 17:00:00,0.12751351
443,2024-09-09 18:00:00,0.115364365
444,2024-09-09 12:00:00,1.2623583
444,2024-09-09 13:00:00,1.3463489
444,2024-09-09 14:00:00,1.0274761
444,2024-09-09 15:00:00,1.2366102
444,2024-09-09 16:00:00,1.6153926
444,2024-09-09 17:00:00,1.809143
444,2024-09-09 18:00:00,1.574843
448,2024-09-09 12:00:00,0.63425803
448,2024-09-09 13:00:00,0.7783653
448,2024-09-09 14:00:00,0.8534891
448,2024-09-09 15:00:00,1.0736603
448,2024-09-09 16:00:00,0.8431398
448,2024-09-09 17:00:00,1.3953762
448,2024-09-09 18:00:00,1.6245761
449,2024-09-09 12:00:00,0.80938333
449,2024-09-09 13:00:00,1.668343
449,2024-09-09 14:00:00,1.4155772
449,2024-09-09 15:00:00,1.5770602
449,2024-09-09 16:00:00,1.3544617
449,2024-09-09 17:00:00,3.4727437
449,2024-09-09 18:00:00,3.1604302
453,2024-09-09 12:00:00,0.28521782
453,2024-09-09 13:00:00,0.31723884
453,2024-09-09 14:00:00,0.3660426
453,2024-09-09 15:00:00,0.3544616
453,2024-09-09 16:00:00,0.50845814
453,2024-09-09 17:00:00,0.6453107
453,2024-09-09 18:00:00,1.0886176
454,2024-09-09 12:00:00,0.1709538
454,2024-09-09 13:00:00,0.29418784
454,2024-09-09 14:00:00,0.19700578
454,2024-09-09 15:00:00,0.17522377
454,2024-09-09 16:00:00,0.37000978
454,2024-09-09 17:00:00,0.4946632
454,2024-09-09 18:00:00,0.6305458
455,2024-09-09 12:00:00,0.27899066
455,2024-09-09 13:00:00,0.34622717
455,2024-09-09 14:00:00,0.33526364
455,2024-09-09 15:00:00,0.36723277
455,2024-09-09 16:00:00,0.49447662
455,2024-09-09 17:00:00,0.7883216
455,2024-09-09 18:00:00,0.98457474
457,2024-09-09 12:00:00,0.14108428
457,2024-09-09 13:00:00,0.17611182
457,2024-09-09 14:00:00,0.17664565
457,2024-09-09 15:00:00,0.21013652
457,2024-09-09 16:00:00,0.3523593
457,2024-09-09 17:00:00,0.44352946
457,2024-09-09 18:00:00,0.479957
458,2024-09-09 12:00:00,0.64258903
458,2024-09-09 13:00:00,0.9622632
458,2024-09-09 14:00:00,0.8960394
458,2024-09-09 15:00:00,2.181676
458,2024-09-09 16:00:00,1.0164684
458,2024-09-09 17:00:00,2.1319778
458,2024-09-09 18:00:00,2.69713
460,2024-09-09 12:00:00,0.21759099
460,2024-09-09 13:00:00,0.29358625
460,2024-09-09 14:00:00,0.27083728
460,2024-09-09 15:00:00,0.3051158
460,2024-09-09 16:00:00,0.42696875
460,2024-09-09 17:00:00,0.53342015
460,2024-09-09 18:00:00,0.785853
461,2024-09-09 12:00:00,0.3717871
461,2024-09-09 13:00:00,0.42950407
461,2024-09-09 14:00:00,0.42109972
461,2024-09-09 15:00:00,0.44933265
461,2024-09-09 16:00:00,0.5610219
461,2024-09-09 17:00:00,0.64130145
461,2024-09-09 18:00:00,0.68293005
464,2024-09-09 12:00:00,0.36951256
464,2024-09-09 13:00:00,0.81724024
464,2024-09-09 14:00:00,0.4401225
464,2024-09-09 15:00:00,0.4598105
464,2024-09-09 16:00:00,0.8209435
464,2024-09-09 17:00:00,1.160232
464,2024-09-09 18:00:00,1.1565877
465,2024-09-09 12:00:00,0.22049169
465,2024-09-09 13:00:00,0.310416
465,2024-09-09 14:00:00,0.29324257
465,2024-09-09 15:00:00,0.37323526
465,2024-09-09 16:00:00,0.37142593
465,2024-09-09 17:00:00,0.58471715
465,2024-09-09 18:00:00,0.5741446
466,2024-09-09 12:00:00,0.9617457
466,2024-09-09 13:00:00,1.3036228
466,2024-09-09 14:00:00,1.3443527
466,2024-09-09 15:00:00,1.3125458
466,2024-09-09 16:00:00,1.5593585
466,2024-09-09 17:00:00,1.1820446
466,2024-09-09 18:00:00,2.098089
467,2024-09-09 12:00:00,0.4825177
467,2024-09-09 13:00:00,0.7190552
467,2024-09-09 14:00:00,0.6840328
467,2024-09-09 15:00:00,0.60886925
467,2024-09-09 16:00:00,0.96886474
467,2024-09-09 17:00:00,1.2199489
467,2024-09-09 18:00:00,1.2429113
468,2024-09-09 12:00:00,0.94777215
468,2024-09-09 13:00:00,1.5287682
468,2024-09-09 14:00:00,0.7863164
468,2024-09-09 15:00:00,0.82985425
468,2024-09-09 16:00:00,1.5928278
468,2024-09-09 17:00:00,1.777655
468,2024-09-09 18:00:00,1.0638
469,2024-09-09 12:00:00,0.13653007
469,2024-09-09 13:00:00,0.2246496
469,2024-09-09 14:00:00,0.18501532
469,2024-09-09 15:00:00,0.2178344
469,2024-09-09 16:00:00,0.40162227
469,2024-09-09 17:00:00,0.5408334
469,2024-09-09 18:00:00,0.48624778
471,2024-09-09 12:00:00,0.16298252
471,2024-09-09 13:00:00,0.28873596
471,2024-09-09 14:00:00,0.2650032
471,2024-09-09 15:00:00,0.29198393
471,2024-09-09 16:00:00,0.4067838
471,2024-09-09 17:00:00,0.5081133
471,2024-09-09 18:00:00,0.5292106
472,2024-09-09 12:00:00,0.39090958
472,2024-09-09 13:00:00,0.47046116
472,2024-09-09 14:00:00,0.3557571
472,2024-09-09 15:00:00,0.47840098
472,2024-09-09 16:00:00,0.5735368
472,2024-09-09 17:00:00,0.7566052
472,2024-09-09 18:00:00,0.7066384
473,2024-09-09 12:00:00,0.31945056
473,2024-09-09 13:00:00,0.43176007
473,2024-09-09 14:00:00,0.3789697
473,2024-09-09 15:00:00,0.40943694
473,2024-09-09 16:00:00,0.67628026
473,2024-09-09 17:00:00,0.8189096
473,2024-09-09 18:00:00,0.75662667
474,2024-09-09 12:00:00,0.26210123
474,2024-09-09 13:00:00,0.3556614
474,2024-09-09 14:00:00,0.338818
474,2024-09-09 15:00:00,0.3936566
474,2024-09-09 16:00:00,0.48358
474,2024-09-09 17:00:00,0.6326903
474,2024-09-09 18:00:00,0.9515427
475,2024-09-09 12:00:00,0.21293025
475,2024-09-09 13:00:00,0.2987938
475,2024-09-09 14:00:00,0.26864335
475,2024-09-09 15:00:00,0.35052067
475,2024-09-09 16:00:00,0.44294432
475,2024-09-09 17:00:00,0.57859516
475,2024-09-09 18:00:00,0.6078299
476,2024-09-09 12:00:00,0.38414618
476,2024-09-09 13:00:00,0.44437402
476,2024-09-09 14:00:00,0.50275534
476,2024-09-09 15:00:00,0.44971365
476,2024-09-09 16:00:00,0.6371397
476,2024-09-09 17:00:00,0.7509658
476,2024-09-09 18:00:00,0.77720773
477,2024-09-09 12:00:00,0.64078665
477,2024-09-09 13:00:00,0.5892435
477,2024-09-09 14:00:00,0.5882518
477,2024-09-09 15:00:00,0.6477182
477,2024-09-09 16:00:00,0.9352931
477,2024-09-09 17:00:00,1.4521563
477,2024-09-09 18:00:00,1.0025194
478,2024-09-09 12:00:00,0.5426319
478,2024-09-09 13:00:00,0.681376
478,2024-09-09 14:00:00,0.6511321
478,2024-09-09 15:00:00,0.7041918
478,2024-09-09 16:00:00,1.0027424
478,2024-09-09 17:00:00,0.9525383
478,2024-09-09 18:00:00,1.4076613
479,2024-09-09 12:00:00,0.66918916
479,2024-09-09 13:00:00,0.9617579
479,2024-09-09 14:00:00,0.6010807
479,2024-09-09 15:00:00,0.79470044
479,2024-09-09 16:00:00,1.1028894
479,2024-09-09 17:00:00,1.4668677
479,2024-09-09 18:00:00,1.1272734
480,2024-09-09 12:00:00,0.37118405
480,2024-09-09 13:00:00,0.576761
480,2024-09-09 14:00:00,0.57556844
480,2024-09-09 15:00:00,0.4799591
480,2024-09-09 16:00:00,0.76304173
480,2024-09-09 17:00:00,1.262392
480,2024-09-09 18:00:00,1.0180551
481,2024-09-09 12:00:00,0.123207554
481,2024-09-09 13:00:00,0.17301953
481,2024-09-09 14:00:00,0.19011159
481,2024-09-09 15:00:00,0.21459314
481,2024-09-09 16:00:00,0.341471
481,2024-09-09 17:00:00,0.45476505
481,2024-09-09 18:00:00,1.1214516
482,2024-09-09 12:00:00,0.11058105
482,2024-09-09 13:00:00,0.22240143
482,2024-09-09 14:00:00,0.17010936
482,2024-09-09 15:00:00,0.24084064
482,2024-09-09 16:00:00,0.24262705
482,2024-09-09 17:00:00,0.3033192
482,2024-09-09 18:00:00,0.3364562
483,2024-09-09 12:00:00,0.18868013
483,2024-09-09 13:00:00,0.26540488
483,2024-09-09 14:00:00,0.24801886
483,2024-09-09 15:00:00,0.26104218
483,2024-09-09 16:00:00,0.42360127
483,2024-09-09 17:00:00,0.50988066
483,2024-09-09 18:00:00,0.5495345
484,2024-09-09 12:00:00,0.2496335
484,2024-09-09 13:00:00,0.42877722
484,2024-09-09 14:00:00,0.31685716
484,2024-09-09 15:00:00,0.33955145
484,2024-09-09 16:00:00,0.45737663
484,2024-09-09 17:00:00,0.77511173
484,2024-09-09 18:00:00,0.7912894
486,2024-09-09 12:00:00,0.24103983
486,2024-09-09 13:00:00,0.34764668
486,2024-09-09 14:00:00,0.3094416
486,2024-09-09 15:00:00,0.34029007
486,2024-09-09 16:00:00,0.44163212
486,2024-09-09 17:00:00,0.5523043
486,2024-09-09 18:00:00,0.7727115
487,2024-09-09 12:00:00,0.30624536
487,2024-09-09 13:00:00,0.41365615
487,2024-09-09 14:00:00,0.36051068
487,2024-09-09 15:00:00,0.38151273
487,2024-09-09 16:00:00,0.4777838
487,2024-09-09 17:00:00,0.5882241
487,2024-09-09 18:00:00,0.8146495
488,2024-09-09 12:00:00,0.24788801
488,2024-09-09 13:00:00,0.31460056
488,2024-09-09 14:00:00,0.29798943
488,2024-09-09 15:00:00,0.3352477
488,2024-09-09 16:00:00,0.46290454
488,2024-09-09 17:00:00,0.684356
488,2024-09-09 18:00:00,0.59289247
489,2024-09-09 12:00:00,0.5869086
489,2024-09-09 13:00:00,0.7472943
489,2024-09-09 14:00:00,0.62226593
489,2024-09-09 15:00:00,0.700304
489,2024-09-09 16:00:00,0.85049844
489,2024-09-09 17:00:00,1.2231162
489,2024-09-09 18:00:00,1.2952343
490,2024-09-09 12:00:00,0.78841156
490,2024-09-09 13:00:00,0.31204063
490,2024-09-09 14:00:00,0.32061273
490,2024-09-09 15:00:00,0.3476018
490,2024-09-09 16:00:00,0.40619153
490,2024-09-09 17:00:00,0.48527262
490,2024-09-09 18:00:00,0.50173455
491,2024-09-09 12:00:00,0.43713844
491,2024-09-09 13:00:00,0.66339976
491,2024-09-09 14:00:00,0.6245968
491,2024-09-09 15:00:00,0.6514732
491,2024-09-09 16:00:00,0.77830863
491,2024-09-09 17:00:00,1.0095605
491,2024-09-09 18:00:00,1.0365212
492,2024-09-09 12:00:00,0.9995014
492,2024-09-09 13:00:00,1.0328546
492,2024-09-09 14:00:00,1.4601071
492,2024-09-09 15:00:00,1.083338
492,2024-09-09 16:00:00,1.4477054
492,2024-09-09 17:00:00,1.156026
492,2024-09-09 18:00:00,1.7605889
493,2024-09-09 12:00:00,0.26843515
493,2024-09-09 13:00:00,0.3567211
493,2024-09-09 14:00:00,0.34190416
493,2024-09-09 15:00:00,0.35793507
493,2024-09-09 16:00:00,0.64253956
493,2024-09-09 17:00:00,0.76304424
493,2024-09-09 18:00:00,0.7361137
494,2024-09-09 12:00:00,0.2261785
494,2024-09-09 13:00:00,0.2563476
494,2024-09-09 14:00:00,0.28995192
494,2024-09-09 15:00:00,0.31045103
494,2024-09-09 16:00:00,0.42056224
494,2024-09-09 17:00:00,0.5399086
494,2024-09-09 18:00:00,0.6702423
496,2024-09-09 12:00:00,0.17005289
496,2024-09-09 13:00:00,0.19546174
496,2024-09-09 14:00:00,0.17755948
496,2024-09-09 15:00:00,0.17721507
496,2024-09-09 16:00:00,0.30402154
496,2024-09-09 17:00:00,0.4226456
496,2024-09-09 18:00:00,0.41858867
497,2024-09-09 12:00:00,0.29636654
497,2024-09-09 13:00:00,0.3609362
497,2024-09-09 14:00:00,0.35560748
497,2024-09-09 15:00:00,0.37333634
497,2024-09-09 16:00:00,0.48213875
497,2024-09-09 17:00:00,0.59164935
497,2024-09-09 18:00:00,0.66927326
498,2024-09-09 12:00:00,0.3291504
498,2024-09-09 13:00:00,0.40325996
498,2024-09-09 14:00:00,0.3900094
498,2024-09-09 15:00:00,0.4140722
498,2024-09-09 16:00:00,0.52438647
498,2024-09-09 17:00:00,0.6397702
498,2024-09-09 18:00:00,0.6583106
499,2024-09-09 12:00:00,0.52189845
499,2024-09-09 13:00:00,0.61978
499,2024-09-09 14:00:00,0.78667474
499,2024-09-09 15:00:00,0.68141925
499,2024-09-09 16:00:00,0.8177951
499,2024-09-09 17:00:00,1.0563139
499,2024-09-09 18:00:00,1.0874761
500,2024-09-09 12:00:00,0.51261044
500,2024-09-09 13:00:00,0.7232129
500,2024-09-09 14:00:00,0.6913277
500,2024-09-09 15:00:00,0.6196598
500,2024-09-09 16:00:00,0.7397117
500,2024-09-09 17:00:00,1.2889895
500,2024-09-09 18:00:00,1.3964735
501,2024-09-09 12:00:00,0.37893298
501,2024-09-09 13:00:00,0.4779371
501,2024-09-09 14:00:00,0.5631462
501,2024-09-09 15:00:00,0.48285347
501,2024-09-09 16:00:00,0.65846723
501,2024-09-09 17:00:00,0.79907656
501,2024-09-09 18:00:00,1.0741681
502,2024-09-09 12:00:00,0.2570867
502,2024-09-09 13:00:00,0.33176893
502,2024-09-09 14:00:00,0.31921133
502,2024-09-09 15:00:00,0.36183846
502,2024-09-09 16:00:00,0.48907456
502,2024-09-09 17:00:00,0.62656313
502,2024-09-09 18:00:00,0.70021003
503,2024-09-09 12:00:00,0.26181498
503,2024-09-09 13:00:00,0.5233736
503,2024-09-09 14:00:00,0.29548243
503,2024-09-09 15:00:00,0.32149336
503,2024-09-09 16:00:00,0.41448733
503,2024-09-09 17:00:00,0.4774919
503,2024-09-09 18:00:00,0.4879333
504,2024-09-09 12:00:00,0.31028455
504,2024-09-09 13:00:00,0.40269575
504,2024-09-09 14:00:00,0.41326702
504,2024-09-09 15:00:00,0.43900982
504,2024-09-09 16:00:00,0.60449946
504,2024-09-09 17:00:00,0.62615055
504,2024-09-09 18:00:00,0.61073476
505,2024-09-09 12:00:00,0.26758346
505,2024-09-09 13:00:00,0.33584136
505,2024-09-09 14:00:00,0.3107776
505,2024-09-09 15:00:00,0.33139288
505,2024-09-09 16:00:00,0.4216306
505,2024-09-09 17:00:00,0.55280715
505,2024-09-09 18:00:00,0.5725082
506,2024-09-09 12:00:00,0.25879958
506,2024-09-09 13:00:00,0.3663232
506,2024-09-09 14:00:00,0.36484307
506,2024-09-09 15:00:00,0.4031676
506,2024-09-09 16:00:00,0.46169332
506,2024-09-09 17:00:00,0.5394261
506,2024-09-09 18:00:00,0.5642286
507,2024-09-09 12:00:00,0.078639135
507,2024-09-09 13:00:00,0.1292341
507,2024-09-09 14:00:00,1.4579688
507,2024-09-09 15:00:00,0.14559299
507,2024-09-09 16:00:00,0.21467026
507,2024-09-09 17:00:00,0.31487894
507,2024-09-09 18:00:00,0.3314929
508,2024-09-09 12:00:00,0.14462794
508,2024-09-09 13:00:00,0.18740305
508,2024-09-09 14:00:00,0.20192601
508,2024-09-09 15:00:00,0.23917538
508,2024-09-09 16:00:00,0.32030314
508,2024-09-09 17:00:00,0.5875448
508,2024-09-09 18:00:00,0.72698486
509,2024-09-09 12:00:00,0.20372333
509,2024-09-09 13:00:00,0.2634362
509,2024-09-09 14:00:00,0.26246172
509,2024-09-09 15:00:00,0.29573002
509,2024-09-09 16:00:00,0.399437
509,2024-09-09 17:00:00,0.506427
509,2024-09-09 18:00:00,0.62649
511,2024-09-09 12:00:00,0.27465087
511,2024-09-09 13:00:00,0.41806936
511,2024-09-09 14:00:00,0.35824516
511,2024-09-09 15:00:00,0.38261175
511,2024-09-09 16:00:00,0.45969576
511,2024-09-09 17:00:00,0.5526699
511,2024-09-09 18:00:00,0.8283744
512,2024-09-09 12:00:00,0.40565714
512,2024-09-09 13:00:00,0.4999458
512,2024-09-09 14:00:00,0.4782786
512,2024-09-09 15:00:00,0.52422434
512,2024-09-09 16:00:00,0.7060767
512,2024-09-09 17:00:00,0.8116613
512,2024-09-09 18:00:00,0.86530197
513,2024-09-09 12:00:00,0.25902033
513,2024-09-09 13:00:00,0.32521993
513,2024-09-09 14:00:00,0.2764936
513,2024-09-09 15:00:00,0.34410065
513,2024-09-09 16:00:00,0.58081967
513,2024-09-09 17:00:00,0.52268887
513,2024-09-09 18:00:00,0.59407395
515,2024-09-09 12:00:00,1.3210835
515,2024-09-09 13:00:00,1.6026556
515,2024-09-09 14:00:00,1.3108952
515,2024-09-09 15:00:00,1.8451372
515,2024-09-09 16:00:00,1.0824811
515,2024-09-09 17:00:00,2.2215407
515,2024-09-09 18:00:00,2.5689218
516,2024-09-09 12:00:00,1.833203
516,2024-09-09 13:00:00,1.8304037
516,2024-09-09 14:00:00,3.1603122
516,2024-09-09 15:00:00,1.9673283
516,2024-09-09 16:00:00,2.879425
516,2024-09-09 17:00:00,3.5098023
516,2024-09-09 18:00:00,3.9935615
517,2024-09-09 12:00:00,0.798146
517,2024-09-09 13:00:00,1.0202621
517,2024-09-09 14:00:00,0.9112016
517,2024-09-09 15:00:00,0.9341431
517,2024-09-09 16:00:00,1.232499
517,2024-09-09 17:00:00,1.2276882
517,2024-09-09 18:00:00,1.2748069
518,2024-09-09 12:00:00,0.53971475
518,2024-09-09 13:00:00,0.5982969
518,2024-09-09 14:00:00,0.6317889
518,2024-09-09 15:00:00,0.6553887
518,2024-09-09 16:00:00,0.8102942
518,2024-09-09 17:00:00,1.1372002
518,2024-09-09 18:00:00,0.96041906
519,2024-09-09 12:00:00,0.58737
519,2024-09-09 13:00:00,0.89096713
519,2024-09-09 14:00:00,0.7866386
519,2024-09-09 15:00:00,0.74438095
519,2024-09-09 16:00:00,1.045769
519,2024-09-09 17:00:00,0.9605776
519,2024-09-09 18:00:00,1.5363503
520,2024-09-09 12:00:00,0.024178298
520,2024-09-09 13:00:00,0.050947398
520,2024-09-09 14:00:00,0.05092309
520,2024-09-09 15:00:00,0.46239993
520,2024-09-09 16:00:00,0.11030399
520,2024-09-09 17:00:00,0.18203977
520,2024-09-09 18:00:00,0.19796424
521,2024-09-09 12:00:00,0.28592062
521,2024-09-09 13:00:00,0.34432942
521,2024-09-09 14:00:00,0.35231373
521,2024-09-09 15:00:00,0.40967622
521,2024-09-09 16:00:00,0.48109943
521,2024-09-09 17:00:00,0.52941966
521,2024-09-09 18:00:00,0.52097297
522,2024-09-09 12:00:00,0.45903483
522,2024-09-09 13:00:00,0.63406223
522,2024-09-09 14:00:00,0.51856023
522,2024-09-09 15:00:00,0.6280605
522,2024-09-09 16:00:00,0.6659303
522,2024-09-09 17:00:00,1.0031029
522,2024-09-09 18:00:00,1.0489985
524,2024-09-09 12:00:00,0.5022719
524,2024-09-09 13:00:00,0.5984073
524,2024-09-09 14:00:00,0.6476132
524,2024-09-09 15:00:00,0.71834356
524,2024-09-09 16:00:00,0.68279743
524,2024-09-09 17:00:00,1.0162677
524,2024-09-09 18:00:00,0.80636054
525,2024-09-09 12:00:00,0.47783133
525,2024-09-09 13:00:00,0.5737424
525,2024-09-09 14:00:00,0.5074005
525,2024-09-09 15:00:00,0.61541
525,2024-09-09 16:00:00,0.6122841
525,2024-09-09 17:00:00,0.9658939
525,2024-09-09 18:00:00,0.9581439
526,2024-09-09 12:00:00,0.48768923
526,2024-09-09 13:00:00,0.57095844
526,2024-09-09 14:00:00,0.55373436
526,2024-09-09 15:00:00,0.6728803
526,2024-09-09 16:00:00,0.89986
526,2024-09-09 17:00:00,1.1526171
526,2024-09-09 18:00:00,0.87177837
527,2024-09-09 12:00:00,0.47952837
527,2024-09-09 13:00:00,0.57261115
527,2024-09-09 14:00:00,0.57891524
527,2024-09-09 15:00:00,0.5982017
527,2024-09-09 16:00:00,0.61206853
527,2024-09-09 17:00:00,0.78218406
527,2024-09-09 18:00:00,0.798236
528,2024-09-09 12:00:00,0.1396087
528,2024-09-09 13:00:00,0.1760144
528,2024-09-09 14:00:00,0.19297577
528,2024-09-09 15:00:00,0.22755706
528,2024-09-09 16:00:00,0.30101955
528,2024-09-09 17:00:00,0.66227615
528,2024-09-09 18:00:00,0.41666174
529,2024-09-09 12:00:00,0.35272905
529,2024-09-09 13:00:00,0.42929694
529,2024-09-09 14:00:00,0.41486242
529,2024-09-09 15:00:00,0.4160223
529,2024-09-09 16:00:00,0.53063875
529,2024-09-09 17:00:00,0.69267064
529,2024-09-09 18:00:00,0.9154419
530,2024-09-09 12:00:00,0.6343994
530,2024-09-09 13:00:00,0.77976704
530,2024-09-09 14:00:00,0.76450473
530,2024-09-09 15:00:00,1.0922495
530,2024-09-09 16:00:00,1.3661864
530,2024-09-09 17:00:00,1.8670968
530,2024-09-09 18:00:00,1.2778115
531,2024-09-09 12:00:00,0.2086427
531,2024-09-09 13:00:00,0.22059429
531,2024-09-09 14:00:00,0.23879531
531,2024-09-09 15:00:00,0.25289658
531,2024-09-09 16:00:00,0.33073804
531,2024-09-09 17:00:00,0.43445218
531,2024-09-09 18:00:00,0.43882042
532,2024-09-09 12:00:00,0.23820077
532,2024-09-09 13:00:00,0.29767326
532,2024-09-09 14:00:00,0.21821661
532,2024-09-09 15:00:00,0.30014646
532,2024-09-09 16:00:00,0.3734601
532,2024-09-09 17:00:00,0.44775525
532,2024-09-09 18:00:00,0.4606352
533,2024-09-09 12:00:00,0.2064949
533,2024-09-09 13:00:00,0.3163953
533,2024-09-09 14:00:00,0.29691398
533,2024-09-09 15:00:00,0.31787953
533,2024-09-09 16:00:00,0.3959807
533,2024-09-09 17:00:00,0.46930966
533,2024-09-09 18:00:00,0.49037057
534,2024-09-09 12:00:00,0.7465081
534,2024-09-09 13:00:00,1.1703019
534,2024-09-09 14:00:00,0.8661404
534,2024-09-09 15:00:00,0.8938146
534,2024-09-09 16:00:00,1.4723887
534,2024-09-09 17:00:00,1.6116152
534,2024-09-09 18:00:00,2.0547612
535,2024-09-09 12:00:00,0.28976983
535,2024-09-09 13:00:00,0.50612366
535,2024-09-09 14:00:00,0.48779252
535,2024-09-09 15:00:00,0.51462823
535,2024-09-09 16:00:00,0.59142727
535,2024-09-09 17:00:00,0.9406137
535,2024-09-09 18:00:00,1.1353077
536,2024-09-09 12:00:00,0.4946891
536,2024-09-09 13:00:00,0.9370515
536,2024-09-09 14:00:00,0.7054617
536,2024-09-09 15:00:00,0.78147477
536,2024-09-09 16:00:00,0.81733143
536,2024-09-09 17:00:00,0.7526841
536,2024-09-09 18:00:00,0.7443004
537,2024-09-09 12:00:00,0.31099212
537,2024-09-09 13:00:00,0.4004883
537,2024-09-09 14:00:00,0.37550268
537,2024-09-09 15:00:00,0.42024994
537,2024-09-09 16:00:00,0.5664798
537,2024-09-09 17:00:00,0.74982375
537,2024-09-09 18:00:00,0.51388466
538,2024-09-09 12:00:00,0.34840062
538,2024-09-09 13:00:00,0.4241076
538,2024-09-09 14:00:00,0.4057361
538,2024-09-09 15:00:00,0.43166983
538,2024-09-09 16:00:00,0.51091987
538,2024-09-09 17:00:00,0.7008904
538,2024-09-09 18:00:00,0.83877534
539,2024-09-09 12:00:00,0.61192805
539,2024-09-09 13:00:00,1.4587463
539,2024-09-09 14:00:00,0.9429616
539,2024-09-09 15:00:00,3.0703657
539,2024-09-09 16:00:00,2.5274596
539,2024-09-09 17:00:00,3.9019604
539,2024-09-09 18:00:00,2.4483674
540,2024-09-09 12:00:00,0.18526891
540,2024-09-09 13:00:00,0.2281974
540,2024-09-09 14:00:00,0.21592689
540,2024-09-09 15:00:00,0.222154
540,2024-09-09 16:00:00,0.23201357
540,2024-09-09 17:00:00,0.23967768
540,2024-09-09 18:00:00,0.7562614
541,2024-09-09 12:00:00,0.0900139
541,2024-09-09 13:00:00,0.12837856
541,2024-09-09 14:00:00,0.11983231
541,2024-09-09 15:00:00,0.12894371
541,2024-09-09 16:00:00,0.13548812
541,2024-09-09 17:00:00,0.8170616
541,2024-09-09 18:00:00,0.5522123
542,2024-09-09 12:00:00,0.08982805
542,2024-09-09 13:00:00,0.14115997
542,2024-09-09 14:00:00,0.13249736
542,2024-09-09 15:00:00,0.14893767
542,2024-09-09 16:00:00,0.17887108
542,2024-09-09 17:00:00,0.19343588
542,2024-09-09 18:00:00,0.21167704
543,2024-09-09 12:00:00,0.20966314
543,2024-09-09 13:00:00,0.29508364
543,2024-09-09 14:00:00,0.27903304
543,2024-09-09 15:00:00,0.32273257
543,2024-09-09 16:00:00,0.411394
543,2024-09-09 17:00:00,0.44354308
543,2024-09-09 18:00:00,0.44334698
544,2024-09-09 12:00:00,0.22696689
544,2024-09-09 13:00:00,0.28385058
544,2024-09-09 14:00:00,0.55193484
544,2024-09-09 15:00:00,0.2597739
544,2024-09-09 16:00:00,0.500136
544,2024-09-09 17:00:00,0.58080405
544,2024-09-09 18:00:00,0.3376688
545,2024-09-09 12:00:00,0.17252393
545,2024-09-09 13:00:00,0.27567267
545,2024-09-09 14:00:00,0.23957612
545,2024-09-09 15:00:00,0.2713928
545,2024-09-09 16:00:00,0.3144916
545,2024-09-09 17:00:00,0.65551287
545,2024-09-09 18:00:00,0.3493599
546,2024-09-09 12:00:00,0.38554627
546,2024-09-09 13:00:00,0.41328898
546,2024-09-09 14:00:00,0.5535306
546,2024-09-09 15:00:00,0.2519683
546,2024-09-09 16:00:00,0.7182834
546,2024-09-09 17:00:00,0.36898825
546,2024-09-09 18:00:00,0.37377456
547,2024-09-09 12:00:00,0.29362518
547,2024-09-09 13:00:00,0.49293742
547,2024-09-09 14:00:00,0.3846478
547,2024-09-09 15:00:00,0.11996109
547,2024-09-09 16:00:00,0.575164
547,2024-09-09 17:00:00,0.18705747
547,2024-09-09 18:00:00,0.21201062
548,2024-09-09 12:00:00,0.012561026
548,2024-09-09 13:00:00,0.54001904
548,2024-09-09 14:00:00,0.8564737
548,2024-09-09 15:00:00,0.7034522
548,2024-09-09 16:00:00,1.5354066
548,2024-09-09 17:00:00,1.208785
548,2024-09-09 18:00:00,1.038628
549,2024-09-09 12:00:00,0.007334158
549,2024-09-09 13:00:00,0.0072482973
549,2024-09-09 14:00:00,0.002909059
549,2024-09-09 15:00:00,0.014832848
549,2024-09-09 16:00:00,0.029074535
549,2024-09-09 17:00:00,0.06190401
549,2024-09-09 18:00:00,0.06566746
550,2024-09-09 12:00:00,0.006199916
550,2024-09-09 13:00:00,0.0030506272
550,2024-09-09 14:00:00,-0.0015901852
550,2024-09-09 15:00:00,-0.007686922
550,2024-09-09 16:00:00,0.02537337
550,2024-09-09 17:00:00,0.07411745
550,2024-09-09 18:00:00,0.07848566
551,2024-09-09 12:00:00,0.006540956
551,2024-09-09 13:00:00,0.10459637
551,2024-09-09 14:00:00,0.006179175
551,2024-09-09 15:00:00,0.013092925
551,2024-09-09 16:00:00,0.030938087
551,2024-09-09 17:00:00,0.06717357
551,2024-09-09 18:00:00,0.40421912
552,2024-09-09 12:00:00,-0.0020589621
552,2024-09-09 13:00:00,0.26460007
552,2024-09-09 14:00:00,-0.0032517696
552,2024-09-09 15:00:00,0.008952562
552,2024-09-09 16:00:00,0.047255225
552,2024-09-09 17:00:00,0.07607495
552,2024-09-09 18:00:00,0.2838084
553,2024-09-09 12:00:00,0.02606695
553,2024-09-09 13:00:00,0.09479207
553,2024-09-09 14:00:00,0.10830774
553,2024-09-09 15:00:00,0.033784688
553,2024-09-09 16:00:00,0.05946167
553,2024-09-09 17:00:00,0.082261585
553,2024-09-09 18:00:00,0.096905485
554,2024-09-09 12:00:00,0.016535433
554,2024-09-09 13:00:00,0.12701742
554,2024-09-09 14:00:00,0.033085275
554,2024-09-09 15:00:00,0.27776176
554,2024-09-09 16:00:00,0.08007689
554,2024-09-09 17:00:00,0.09164929
554,2024-09-09 18:00:00,0.099765025
556,2024-09-09 12:00:00,0.044156063
556,2024-09-09 13:00:00,0.07310818
556,2024-09-09 14:00:00,0.055414803
556,2024-09-09 15:00:00,0.06527352
556,2024-09-09 16:00:00,0.44793305
556,2024-09-09 17:00:00,0.5072919
556,2024-09-09 18:00:00,0.13771601
